Handle,Title,Body (HTML),Vendor,Product Category,Type,Tags,Published,Option1 Name,Option1 Value,Option2 Name,Option2 Value,Option3 Name,Option3 Value,Variant SKU,Variant Grams,Variant Inventory Tracker,Variant Inventory Qty,Variant Inventory Policy,Variant Fulfillment Service,Variant Price,Variant Compare At Price,Variant Requires Shipping,Variant Taxable,Variant Barcode,Image Src,Image Position,Image Alt Text,Gift Card,SEO Title,SEO Description,Status
mattress-world-storage-base---standard,Storage Base - Standard,"<h3>Storage Base - Standard</h3>
<p><strong>Manufacturer:</strong> Mattress World<br/>
<strong>Range:</strong> Orthopedic Collection</p>
<h4>Features & Specs:</h4>
<ul>
  <li>Heavy Duty 7 Slat Design</li>
  <li>Cup Legs</li>
  <li>Textile Fabric</li>
  <li>120kg Per Person Per Side</li>
  <li>Prices Standard Length :</li>
  <li>Single – R 2799</li>
  <li>Three Quarter – R 2999</li>
  <li>Double – R 3299</li>
</ul>
",Mattress World,Furniture > Beds & Accessories > Mattresses,Bed Bases,"Mattress World, Orthopedic Collection",TRUE,Size,Standard,Length,Standard (188cm),Configuration,Standard,mattress-world-storage-base---standard-1,50000,,100,continue,manual,2799,,TRUE,TRUE,,https://wondrous-baklava-e13b07.netlify.app/assets/products/mattress_world_Universal_Heavy-Duty_Base_Clean.jpg,1,Storage Base - Standard,FALSE,Storage Base - Standard,Storage Base - Standard by Mattress World. Official Orthopedic Collection collection.,active
mattress-world-storage-base---premier,Storage Base - Premier,"<h3>Storage Base - Premier</h3>
<p><strong>Manufacturer:</strong> Mattress World<br/>
<strong>Range:</strong> Orthopedic Collection</p>
<h4>Features & Specs:</h4>
<ul>
  <li>Heavy Duty 7 Slat Design</li>
  <li>Steel Legs for Extra Support</li>
  <li>Luxury Textile Fabric</li>
  <li>120kg Per Person Per Side</li>
  <li>Prices Standard Length :</li>
  <li>Single – R2999</li>
  <li>Three Quarter – R3499</li>
  <li>Double – R3899</li>
</ul>
",Mattress World,Furniture > Beds & Accessories > Mattresses,Bed Bases,"Mattress World, Orthopedic Collection",TRUE,Size,Standard,Length,Standard (188cm),Configuration,Standard,mattress-world-storage-base---premier-1,50000,,100,continue,manual,2999,,TRUE,TRUE,,https://wondrous-baklava-e13b07.netlify.app/assets/products/mattress_world_Universal_Heavy-Duty_Base_Clean.jpg,1,Storage Base - Premier,FALSE,Storage Base - Premier,Storage Base - Premier by Mattress World. Official Orthopedic Collection collection.,active
mattress-world-universal-heavy-duty-base,Universal Heavy Duty Base,"<h3>Universal Heavy Duty Base</h3>
<p><strong>Manufacturer:</strong> Mattress World<br/>
<strong>Range:</strong> Orthopedic Collection</p>
<h4>Features & Specs:</h4>
<ul>
  <li>Heavy Duty 7 Slat Design</li>
  <li>6 Legs for Extra Support</li>
  <li>Luxury Textile Fabric</li>
  <li>120kg Per Person Per Side</li>
  <li>Prices Standard Length :</li>
  <li>Single – R999</li>
  <li>Three Quarter – R1099</li>
  <li>Double – R1499</li>
</ul>
",Mattress World,Furniture > Beds & Accessories > Mattresses,Bed Bases,"Mattress World, Orthopedic Collection",TRUE,Size,Standard,Length,Standard (188cm),Configuration,Standard,mattress-world-universal-heavy-duty-base-1,50000,,100,continue,manual,999,,TRUE,TRUE,,https://wondrous-baklava-e13b07.netlify.app/assets/products/mattress_world_Universal_Heavy-Duty_Base_Clean.jpg,1,Universal Heavy Duty Base,FALSE,Universal Heavy Duty Base,Universal Heavy Duty Base by Mattress World. Official Orthopedic Collection collection.,active
cloud-nine-slow-motion-adjustable-bed-set,Slow Motion Adjustable Bed Set,"<h3>Slow Motion Adjustable Bed Set</h3>
<p><strong>Manufacturer:</strong> Cloud Nine<br/>
<strong>Range:</strong> Slow Motion</p>
<h4>Official Product Links & Guidelines:</h4>
<ul>
  <li><a href=""https://www.bedsonline.co.za/product/cloud-nine-slomotion-king/?gad_source=1&gad_campaignid=23059240524&gbraid=0AAAAADim7kX1qRfoUgl1u9YtbYZwIoFEv&gclid=Cj0KCQjwsMLSBhD9ARIsAIpUTDr5xEUjUE5mXHEZDsShCaSSqjCRJ3dpumIzs3vJuy_NFb8X48LVVYEaAt15EALw_wcB"" target=""_blank"" rel=""noopener noreferrer"">https://www.bedsonline.co.za/product/cloud-nine-slomotion-king/?gad_source=1&gad_campaignid=23059240524&gbraid=0AAAAADim7kX1qRfoUgl1u9YtbYZwIoFEv&gclid=Cj0KCQjwsMLSBhD9ARIsAIpUTDr5xEUjUE5mXHEZDsShCaSSqjCRJ3dpumIzs3vJuy_NFb8X48LVVYEaAt15EALw_wcB</a></li>
  <li><a href=""https://cloudnine.co.za/slomotion/"" target=""_blank"" rel=""noopener noreferrer"">https://cloudnine.co.za/slomotion/</a></li>
</ul>
",Cloud Nine,Furniture > Beds & Accessories > Mattresses,Beds & Mattresses,"Cloud Nine, Slow Motion",TRUE,Size,Standard,Length,Standard (188cm),Configuration,Standard,cloud-nine-slow-motion-adjustable-bed-set-1,50000,,100,continue,manual,100000,,TRUE,TRUE,,https://wondrous-baklava-e13b07.netlify.app/assets/products/cloud_nine_Cloud-Nine-SloMotion-King-Set.png,1,Slow Motion Adjustable Bed Set,FALSE,Slow Motion Adjustable Bed Set,Slow Motion Adjustable Bed Set by Cloud Nine. Official Slow Motion collection.,active
cloud-nine-ergomax-bed-set,Ergomax Bed Set,"<h3>Ergomax Bed Set</h3>
<p><strong>Manufacturer:</strong> Cloud Nine<br/>
<strong>Range:</strong> Strandmattress</p>
<h4>Official Product Links & Guidelines:</h4>
<ul>
  <li><a href=""https://www.bedsonline.co.za/product/strandmattress-ergomax-medium-firm-queen/"" target=""_blank"" rel=""noopener noreferrer"">https://www.bedsonline.co.za/product/strandmattress-ergomax-medium-firm-queen/</a></li>
</ul>
",Cloud Nine,Furniture > Beds & Accessories > Mattresses,Beds & Mattresses,"Cloud Nine, Strandmattress",TRUE,Size,Single (91cm),Length,Standard (188cm),Configuration,Bed Set,cloud-nine-ergomax-bed-set-1,50000,,100,continue,manual,3059,,TRUE,TRUE,,https://wondrous-baklava-e13b07.netlify.app/assets/products/cloud_nine_Strandmattress_Ergomax_Bed_Set.png,1,Ergomax Bed Set,FALSE,Ergomax Bed Set,Ergomax Bed Set by Cloud Nine. Official Strandmattress collection.,active
cloud-nine-ergomax-bed-set,,,,Furniture > Beds & Accessories > Mattresses,,"Cloud Nine, Strandmattress",TRUE,Size,Three Quarter (107cm),Length,Standard (188cm),Configuration,Bed Set,cloud-nine-ergomax-bed-set-2,50000,,100,continue,manual,3479,,TRUE,TRUE,,,,,FALSE,Ergomax Bed Set,Ergomax Bed Set by Cloud Nine. Official Strandmattress collection.,active
cloud-nine-ergomax-bed-set,,,,Furniture > Beds & Accessories > Mattresses,,"Cloud Nine, Strandmattress",TRUE,Size,Double (137cm),Length,Standard (188cm),Configuration,Bed Set,cloud-nine-ergomax-bed-set-3,50000,,100,continue,manual,4099,,TRUE,TRUE,,,,,FALSE,Ergomax Bed Set,Ergomax Bed Set by Cloud Nine. Official Strandmattress collection.,active
cloud-nine-ergomax-bed-set,,,,Furniture > Beds & Accessories > Mattresses,,"Cloud Nine, Strandmattress",TRUE,Size,Queen (152cm),Length,Standard (188cm),Configuration,Bed Set,cloud-nine-ergomax-bed-set-4,50000,,100,continue,manual,4459,,TRUE,TRUE,,,,,FALSE,Ergomax Bed Set,Ergomax Bed Set by Cloud Nine. Official Strandmattress collection.,active
cloud-nine-ergomax-bed-set,,,,Furniture > Beds & Accessories > Mattresses,,"Cloud Nine, Strandmattress",TRUE,Size,Single (91cm),Length,Standard (188cm),Configuration,Mattress Only,cloud-nine-ergomax-bed-set-5,50000,,100,continue,manual,1809,,TRUE,TRUE,,,,,FALSE,Ergomax Bed Set,Ergomax Bed Set by Cloud Nine. Official Strandmattress collection.,active
cloud-nine-ergomax-bed-set,,,,Furniture > Beds & Accessories > Mattresses,,"Cloud Nine, Strandmattress",TRUE,Size,Three Quarter (107cm),Length,Standard (188cm),Configuration,Mattress Only,cloud-nine-ergomax-bed-set-6,50000,,100,continue,manual,2059,,TRUE,TRUE,,,,,FALSE,Ergomax Bed Set,Ergomax Bed Set by Cloud Nine. Official Strandmattress collection.,active
cloud-nine-ergomax-bed-set,,,,Furniture > Beds & Accessories > Mattresses,,"Cloud Nine, Strandmattress",TRUE,Size,Double (137cm),Length,Standard (188cm),Configuration,Mattress Only,cloud-nine-ergomax-bed-set-7,50000,,100,continue,manual,2559,,TRUE,TRUE,,,,,FALSE,Ergomax Bed Set,Ergomax Bed Set by Cloud Nine. Official Strandmattress collection.,active
cloud-nine-ergomax-bed-set,,,,Furniture > Beds & Accessories > Mattresses,,"Cloud Nine, Strandmattress",TRUE,Size,Queen (152cm),Length,Standard (188cm),Configuration,Mattress Only,cloud-nine-ergomax-bed-set-8,50000,,100,continue,manual,2829,,TRUE,TRUE,,,,,FALSE,Ergomax Bed Set,Ergomax Bed Set by Cloud Nine. Official Strandmattress collection.,active
cloud-nine-grande-bed-set,Grande Bed Set,"<h3>Grande Bed Set</h3>
<p><strong>Manufacturer:</strong> Cloud Nine<br/>
<strong>Range:</strong> Ultra Premium</p>
<h4>Official Product Links & Guidelines:</h4>
<ul>
  <li><a href=""https://www.bedsonline.co.za/product/cloud-nine-grande-queen/"" target=""_blank"" rel=""noopener noreferrer"">https://www.bedsonline.co.za/product/cloud-nine-grande-queen/</a></li>
  <li><a href=""https://cloudnine.co.za/ultra-premium/grande/"" target=""_blank"" rel=""noopener noreferrer"">https://cloudnine.co.za/ultra-premium/grande/</a></li>
</ul>
",Cloud Nine,Furniture > Beds & Accessories > Mattresses,Beds & Mattresses,"Cloud Nine, Ultra Premium",TRUE,Size,Single (91cm),Length,Standard (188cm),Configuration,Bed Set,cloud-nine-grande-bed-set-1,50000,,100,continue,manual,12589,,TRUE,TRUE,,https://wondrous-baklava-e13b07.netlify.app/assets/products/cloud_nine_Cloud_Nine_Grande_Bed_Set.png,1,Grande Bed Set,FALSE,Grande Bed Set,Grande Bed Set by Cloud Nine. Official Ultra Premium collection.,active
cloud-nine-grande-bed-set,,,,Furniture > Beds & Accessories > Mattresses,,"Cloud Nine, Ultra Premium",TRUE,Size,Three Quarter (107cm),Length,Standard (188cm),Configuration,Bed Set,cloud-nine-grande-bed-set-2,50000,,100,continue,manual,14279,,TRUE,TRUE,,,,,FALSE,Grande Bed Set,Grande Bed Set by Cloud Nine. Official Ultra Premium collection.,active
cloud-nine-grande-bed-set,,,,Furniture > Beds & Accessories > Mattresses,,"Cloud Nine, Ultra Premium",TRUE,Size,Double (137cm),Length,Standard (188cm),Configuration,Bed Set,cloud-nine-grande-bed-set-3,50000,,100,continue,manual,17179,,TRUE,TRUE,,,,,FALSE,Grande Bed Set,Grande Bed Set by Cloud Nine. Official Ultra Premium collection.,active
cloud-nine-grande-bed-set,,,,Furniture > Beds & Accessories > Mattresses,,"Cloud Nine, Ultra Premium",TRUE,Size,Queen (152cm),Length,Standard (188cm),Configuration,Bed Set,cloud-nine-grande-bed-set-4,50000,,100,continue,manual,18659,,TRUE,TRUE,,,,,FALSE,Grande Bed Set,Grande Bed Set by Cloud Nine. Official Ultra Premium collection.,active
cloud-nine-grande-bed-set,,,,Furniture > Beds & Accessories > Mattresses,,"Cloud Nine, Ultra Premium",TRUE,Size,King (183cm),Length,Standard (188cm),Configuration,Bed Set,cloud-nine-grande-bed-set-5,50000,,100,continue,manual,22689,,TRUE,TRUE,,,,,FALSE,Grande Bed Set,Grande Bed Set by Cloud Nine. Official Ultra Premium collection.,active
cloud-nine-grande-bed-set,,,,Furniture > Beds & Accessories > Mattresses,,"Cloud Nine, Ultra Premium",TRUE,Size,Single (91cm),Length,Extra Length (200cm),Configuration,Bed Set,cloud-nine-grande-bed-set-6,50000,,100,continue,manual,13599,,TRUE,TRUE,,,,,FALSE,Grande Bed Set,Grande Bed Set by Cloud Nine. Official Ultra Premium collection.,active
cloud-nine-grande-bed-set,,,,Furniture > Beds & Accessories > Mattresses,,"Cloud Nine, Ultra Premium",TRUE,Size,Three Quarter (107cm),Length,Extra Length (200cm),Configuration,Bed Set,cloud-nine-grande-bed-set-7,50000,,100,continue,manual,15429,,TRUE,TRUE,,,,,FALSE,Grande Bed Set,Grande Bed Set by Cloud Nine. Official Ultra Premium collection.,active
cloud-nine-grande-bed-set,,,,Furniture > Beds & Accessories > Mattresses,,"Cloud Nine, Ultra Premium",TRUE,Size,Double (137cm),Length,Extra Length (200cm),Configuration,Bed Set,cloud-nine-grande-bed-set-8,50000,,100,continue,manual,18559,,TRUE,TRUE,,,,,FALSE,Grande Bed Set,Grande Bed Set by Cloud Nine. Official Ultra Premium collection.,active
cloud-nine-grande-bed-set,,,,Furniture > Beds & Accessories > Mattresses,,"Cloud Nine, Ultra Premium",TRUE,Size,Queen (152cm),Length,Extra Length (200cm),Configuration,Bed Set,cloud-nine-grande-bed-set-9,50000,,100,continue,manual,20159,,TRUE,TRUE,,,,,FALSE,Grande Bed Set,Grande Bed Set by Cloud Nine. Official Ultra Premium collection.,active
cloud-nine-grande-bed-set,,,,Furniture > Beds & Accessories > Mattresses,,"Cloud Nine, Ultra Premium",TRUE,Size,King (183cm),Length,Extra Length (200cm),Configuration,Bed Set,cloud-nine-grande-bed-set-10,50000,,100,continue,manual,24509,,TRUE,TRUE,,,,,FALSE,Grande Bed Set,Grande Bed Set by Cloud Nine. Official Ultra Premium collection.,active
cloud-nine-chiroflex-bed-set,Chiroflex Bed Set,"<h3>Chiroflex Bed Set</h3>
<p><strong>Manufacturer:</strong> Cloud Nine<br/>
<strong>Range:</strong> Ultra Premium</p>
<h4>Official Product Links & Guidelines:</h4>
<ul>
  <li><a href=""https://www.bedsonline.co.za/product/cloud-nine-chiroflex-queen/"" target=""_blank"" rel=""noopener noreferrer"">https://www.bedsonline.co.za/product/cloud-nine-chiroflex-queen/</a></li>
  <li><a href=""https://cloudnine.co.za/ultra-premium/chiroflex/"" target=""_blank"" rel=""noopener noreferrer"">https://cloudnine.co.za/ultra-premium/chiroflex/</a></li>
</ul>
",Cloud Nine,Furniture > Beds & Accessories > Mattresses,Beds & Mattresses,"Cloud Nine, Ultra Premium",TRUE,Size,Single (91cm),Length,Standard (188cm),Configuration,Bed Set,cloud-nine-chiroflex-bed-set-1,50000,,100,continue,manual,11519,,TRUE,TRUE,,https://wondrous-baklava-e13b07.netlify.app/assets/products/cloud_nine_Cloud_Nine_Grande_Bed_Set.png,1,Chiroflex Bed Set,FALSE,Chiroflex Bed Set,Chiroflex Bed Set by Cloud Nine. Official Ultra Premium collection.,active
cloud-nine-chiroflex-bed-set,,,,Furniture > Beds & Accessories > Mattresses,,"Cloud Nine, Ultra Premium",TRUE,Size,Three Quarter (107cm),Length,Standard (188cm),Configuration,Bed Set,cloud-nine-chiroflex-bed-set-2,50000,,100,continue,manual,13269,,TRUE,TRUE,,,,,FALSE,Chiroflex Bed Set,Chiroflex Bed Set by Cloud Nine. Official Ultra Premium collection.,active
cloud-nine-chiroflex-bed-set,,,,Furniture > Beds & Accessories > Mattresses,,"Cloud Nine, Ultra Premium",TRUE,Size,Double (137cm),Length,Standard (188cm),Configuration,Bed Set,cloud-nine-chiroflex-bed-set-3,50000,,100,continue,manual,16379,,TRUE,TRUE,,,,,FALSE,Chiroflex Bed Set,Chiroflex Bed Set by Cloud Nine. Official Ultra Premium collection.,active
cloud-nine-chiroflex-bed-set,,,,Furniture > Beds & Accessories > Mattresses,,"Cloud Nine, Ultra Premium",TRUE,Size,Queen (152cm),Length,Standard (188cm),Configuration,Bed Set,cloud-nine-chiroflex-bed-set-4,50000,,100,continue,manual,17989,,TRUE,TRUE,,,,,FALSE,Chiroflex Bed Set,Chiroflex Bed Set by Cloud Nine. Official Ultra Premium collection.,active
cloud-nine-chiroflex-bed-set,,,,Furniture > Beds & Accessories > Mattresses,,"Cloud Nine, Ultra Premium",TRUE,Size,King (183cm),Length,Standard (188cm),Configuration,Bed Set,cloud-nine-chiroflex-bed-set-5,50000,,100,continue,manual,22329,,TRUE,TRUE,,,,,FALSE,Chiroflex Bed Set,Chiroflex Bed Set by Cloud Nine. Official Ultra Premium collection.,active
cloud-nine-chiroflex-bed-set,,,,Furniture > Beds & Accessories > Mattresses,,"Cloud Nine, Ultra Premium",TRUE,Size,Single (91cm),Length,Extra Length (200cm),Configuration,Bed Set,cloud-nine-chiroflex-bed-set-6,50000,,100,continue,manual,12439,,TRUE,TRUE,,,,,FALSE,Chiroflex Bed Set,Chiroflex Bed Set by Cloud Nine. Official Ultra Premium collection.,active
cloud-nine-chiroflex-bed-set,,,,Furniture > Beds & Accessories > Mattresses,,"Cloud Nine, Ultra Premium",TRUE,Size,Three Quarter (107cm),Length,Extra Length (200cm),Configuration,Bed Set,cloud-nine-chiroflex-bed-set-7,50000,,100,continue,manual,14329,,TRUE,TRUE,,,,,FALSE,Chiroflex Bed Set,Chiroflex Bed Set by Cloud Nine. Official Ultra Premium collection.,active
cloud-nine-chiroflex-bed-set,,,,Furniture > Beds & Accessories > Mattresses,,"Cloud Nine, Ultra Premium",TRUE,Size,Double (137cm),Length,Extra Length (200cm),Configuration,Bed Set,cloud-nine-chiroflex-bed-set-8,50000,,100,continue,manual,17689,,TRUE,TRUE,,,,,FALSE,Chiroflex Bed Set,Chiroflex Bed Set by Cloud Nine. Official Ultra Premium collection.,active
cloud-nine-chiroflex-bed-set,,,,Furniture > Beds & Accessories > Mattresses,,"Cloud Nine, Ultra Premium",TRUE,Size,Queen (152cm),Length,Extra Length (200cm),Configuration,Bed Set,cloud-nine-chiroflex-bed-set-9,50000,,100,continue,manual,19249,,TRUE,TRUE,,,,,FALSE,Chiroflex Bed Set,Chiroflex Bed Set by Cloud Nine. Official Ultra Premium collection.,active
cloud-nine-chiroflex-bed-set,,,,Furniture > Beds & Accessories > Mattresses,,"Cloud Nine, Ultra Premium",TRUE,Size,King (183cm),Length,Extra Length (200cm),Configuration,Bed Set,cloud-nine-chiroflex-bed-set-10,50000,,100,continue,manual,24119,,TRUE,TRUE,,,,,FALSE,Chiroflex Bed Set,Chiroflex Bed Set by Cloud Nine. Official Ultra Premium collection.,active
cloud-nine-camden-bed-set,Camden Bed Set,"<h3>Camden Bed Set</h3>
<p><strong>Manufacturer:</strong> Cloud Nine<br/>
<strong>Range:</strong> Premium</p>
<h4>Official Product Links & Guidelines:</h4>
<ul>
  <li><a href=""https://www.bedsonline.co.za/product/cloud-nine-camden-queen/"" target=""_blank"" rel=""noopener noreferrer"">https://www.bedsonline.co.za/product/cloud-nine-camden-queen/</a></li>
  <li><a href=""https://cloudnine.co.za/beds/premium/camden/"" target=""_blank"" rel=""noopener noreferrer"">https://cloudnine.co.za/beds/premium/camden/</a></li>
</ul>
",Cloud Nine,Furniture > Beds & Accessories > Mattresses,Beds & Mattresses,"Cloud Nine, Premium",TRUE,Size,Single (91cm),Length,Standard (188cm),Configuration,Bed Set,cloud-nine-camden-bed-set-1,50000,,100,continue,manual,8879,,TRUE,TRUE,,https://wondrous-baklava-e13b07.netlify.app/assets/products/cloud_nine_Cloud_Nine_Epic_Comfort_Bed_Set.png,1,Camden Bed Set,FALSE,Camden Bed Set,Camden Bed Set by Cloud Nine. Official Premium collection.,active
cloud-nine-camden-bed-set,,,,Furniture > Beds & Accessories > Mattresses,,"Cloud Nine, Premium",TRUE,Size,Three Quarter (107cm),Length,Standard (188cm),Configuration,Bed Set,cloud-nine-camden-bed-set-2,50000,,100,continue,manual,10179,,TRUE,TRUE,,,,,FALSE,Camden Bed Set,Camden Bed Set by Cloud Nine. Official Premium collection.,active
cloud-nine-camden-bed-set,,,,Furniture > Beds & Accessories > Mattresses,,"Cloud Nine, Premium",TRUE,Size,Double (137cm),Length,Standard (188cm),Configuration,Bed Set,cloud-nine-camden-bed-set-3,50000,,100,continue,manual,12429,,TRUE,TRUE,,,,,FALSE,Camden Bed Set,Camden Bed Set by Cloud Nine. Official Premium collection.,active
cloud-nine-camden-bed-set,,,,Furniture > Beds & Accessories > Mattresses,,"Cloud Nine, Premium",TRUE,Size,Queen (152cm),Length,Standard (188cm),Configuration,Bed Set,cloud-nine-camden-bed-set-4,50000,,100,continue,manual,13609,,TRUE,TRUE,,,,,FALSE,Camden Bed Set,Camden Bed Set by Cloud Nine. Official Premium collection.,active
cloud-nine-camden-bed-set,,,,Furniture > Beds & Accessories > Mattresses,,"Cloud Nine, Premium",TRUE,Size,King (183cm),Length,Standard (188cm),Configuration,Bed Set,cloud-nine-camden-bed-set-5,50000,,100,continue,manual,16969,,TRUE,TRUE,,,,,FALSE,Camden Bed Set,Camden Bed Set by Cloud Nine. Official Premium collection.,active
cloud-nine-camden-bed-set,,,,Furniture > Beds & Accessories > Mattresses,,"Cloud Nine, Premium",TRUE,Size,Single (91cm),Length,Extra Length (200cm),Configuration,Bed Set,cloud-nine-camden-bed-set-6,50000,,100,continue,manual,9589,,TRUE,TRUE,,,,,FALSE,Camden Bed Set,Camden Bed Set by Cloud Nine. Official Premium collection.,active
cloud-nine-camden-bed-set,,,,Furniture > Beds & Accessories > Mattresses,,"Cloud Nine, Premium",TRUE,Size,Three Quarter (107cm),Length,Extra Length (200cm),Configuration,Bed Set,cloud-nine-camden-bed-set-7,50000,,100,continue,manual,10999,,TRUE,TRUE,,,,,FALSE,Camden Bed Set,Camden Bed Set by Cloud Nine. Official Premium collection.,active
cloud-nine-camden-bed-set,,,,Furniture > Beds & Accessories > Mattresses,,"Cloud Nine, Premium",TRUE,Size,Double (137cm),Length,Extra Length (200cm),Configuration,Bed Set,cloud-nine-camden-bed-set-8,50000,,100,continue,manual,13429,,TRUE,TRUE,,,,,FALSE,Camden Bed Set,Camden Bed Set by Cloud Nine. Official Premium collection.,active
cloud-nine-camden-bed-set,,,,Furniture > Beds & Accessories > Mattresses,,"Cloud Nine, Premium",TRUE,Size,Queen (152cm),Length,Extra Length (200cm),Configuration,Bed Set,cloud-nine-camden-bed-set-9,50000,,100,continue,manual,14699,,TRUE,TRUE,,,,,FALSE,Camden Bed Set,Camden Bed Set by Cloud Nine. Official Premium collection.,active
cloud-nine-camden-bed-set,,,,Furniture > Beds & Accessories > Mattresses,,"Cloud Nine, Premium",TRUE,Size,King (183cm),Length,Extra Length (200cm),Configuration,Bed Set,cloud-nine-camden-bed-set-10,50000,,100,continue,manual,18329,,TRUE,TRUE,,,,,FALSE,Camden Bed Set,Camden Bed Set by Cloud Nine. Official Premium collection.,active
cloud-nine-epic-comfort-bed-set,Epic Comfort Bed Set,"<h3>Epic Comfort Bed Set</h3>
<p><strong>Manufacturer:</strong> Cloud Nine<br/>
<strong>Range:</strong> Premium</p>
<h4>Official Product Links & Guidelines:</h4>
<ul>
  <li><a href=""https://www.bedsonline.co.za/product/cloud-nine-epic-comfort-queen/"" target=""_blank"" rel=""noopener noreferrer"">https://www.bedsonline.co.za/product/cloud-nine-epic-comfort-queen/</a></li>
  <li><a href=""https://cloudnine.co.za/beds/premium/epic-comfort/"" target=""_blank"" rel=""noopener noreferrer"">https://cloudnine.co.za/beds/premium/epic-comfort/</a></li>
</ul>
",Cloud Nine,Furniture > Beds & Accessories > Mattresses,Beds & Mattresses,"Cloud Nine, Premium",TRUE,Size,Single (91cm),Length,Standard (188cm),Configuration,Bed Set,cloud-nine-epic-comfort-bed-set-1,50000,,100,continue,manual,7819,,TRUE,TRUE,,https://wondrous-baklava-e13b07.netlify.app/assets/products/cloud_nine_Cloud_Nine_Epic_Comfort_Bed_Set.png,1,Epic Comfort Bed Set,FALSE,Epic Comfort Bed Set,Epic Comfort Bed Set by Cloud Nine. Official Premium collection.,active
cloud-nine-epic-comfort-bed-set,,,,Furniture > Beds & Accessories > Mattresses,,"Cloud Nine, Premium",TRUE,Size,Three Quarter (107cm),Length,Standard (188cm),Configuration,Bed Set,cloud-nine-epic-comfort-bed-set-2,50000,,100,continue,manual,8919,,TRUE,TRUE,,,,,FALSE,Epic Comfort Bed Set,Epic Comfort Bed Set by Cloud Nine. Official Premium collection.,active
cloud-nine-epic-comfort-bed-set,,,,Furniture > Beds & Accessories > Mattresses,,"Cloud Nine, Premium",TRUE,Size,Double (137cm),Length,Standard (188cm),Configuration,Bed Set,cloud-nine-epic-comfort-bed-set-3,50000,,100,continue,manual,10909,,TRUE,TRUE,,,,,FALSE,Epic Comfort Bed Set,Epic Comfort Bed Set by Cloud Nine. Official Premium collection.,active
cloud-nine-epic-comfort-bed-set,,,,Furniture > Beds & Accessories > Mattresses,,"Cloud Nine, Premium",TRUE,Size,Queen (152cm),Length,Standard (188cm),Configuration,Bed Set,cloud-nine-epic-comfort-bed-set-4,50000,,100,continue,manual,11839,,TRUE,TRUE,,,,,FALSE,Epic Comfort Bed Set,Epic Comfort Bed Set by Cloud Nine. Official Premium collection.,active
cloud-nine-epic-comfort-bed-set,,,,Furniture > Beds & Accessories > Mattresses,,"Cloud Nine, Premium",TRUE,Size,King (183cm),Length,Standard (188cm),Configuration,Bed Set,cloud-nine-epic-comfort-bed-set-5,50000,,100,continue,manual,14919,,TRUE,TRUE,,,,,FALSE,Epic Comfort Bed Set,Epic Comfort Bed Set by Cloud Nine. Official Premium collection.,active
cloud-nine-epic-comfort-bed-set,,,,Furniture > Beds & Accessories > Mattresses,,"Cloud Nine, Premium",TRUE,Size,Single (91cm),Length,Standard (188cm),Configuration,Mattress Only,cloud-nine-epic-comfort-bed-set-6,50000,,100,continue,manual,6159,,TRUE,TRUE,,,,,FALSE,Epic Comfort Bed Set,Epic Comfort Bed Set by Cloud Nine. Official Premium collection.,active
cloud-nine-epic-comfort-bed-set,,,,Furniture > Beds & Accessories > Mattresses,,"Cloud Nine, Premium",TRUE,Size,Three Quarter (107cm),Length,Standard (188cm),Configuration,Mattress Only,cloud-nine-epic-comfort-bed-set-7,50000,,100,continue,manual,7089,,TRUE,TRUE,,,,,FALSE,Epic Comfort Bed Set,Epic Comfort Bed Set by Cloud Nine. Official Premium collection.,active
cloud-nine-epic-comfort-bed-set,,,,Furniture > Beds & Accessories > Mattresses,,"Cloud Nine, Premium",TRUE,Size,Double (137cm),Length,Standard (188cm),Configuration,Mattress Only,cloud-nine-epic-comfort-bed-set-8,50000,,100,continue,manual,8879,,TRUE,TRUE,,,,,FALSE,Epic Comfort Bed Set,Epic Comfort Bed Set by Cloud Nine. Official Premium collection.,active
cloud-nine-epic-comfort-bed-set,,,,Furniture > Beds & Accessories > Mattresses,,"Cloud Nine, Premium",TRUE,Size,Queen (152cm),Length,Standard (188cm),Configuration,Mattress Only,cloud-nine-epic-comfort-bed-set-9,50000,,100,continue,manual,9759,,TRUE,TRUE,,,,,FALSE,Epic Comfort Bed Set,Epic Comfort Bed Set by Cloud Nine. Official Premium collection.,active
cloud-nine-epic-comfort-bed-set,,,,Furniture > Beds & Accessories > Mattresses,,"Cloud Nine, Premium",TRUE,Size,King (183cm),Length,Standard (188cm),Configuration,Mattress Only,cloud-nine-epic-comfort-bed-set-10,50000,,100,continue,manual,11609,,TRUE,TRUE,,,,,FALSE,Epic Comfort Bed Set,Epic Comfort Bed Set by Cloud Nine. Official Premium collection.,active
cloud-nine-epic-comfort-bed-set,,,,Furniture > Beds & Accessories > Mattresses,,"Cloud Nine, Premium",TRUE,Size,Single (91cm),Length,Extra Length (200cm),Configuration,Bed Set,cloud-nine-epic-comfort-bed-set-11,50000,,100,continue,manual,8449,,TRUE,TRUE,,,,,FALSE,Epic Comfort Bed Set,Epic Comfort Bed Set by Cloud Nine. Official Premium collection.,active
cloud-nine-epic-comfort-bed-set,,,,Furniture > Beds & Accessories > Mattresses,,"Cloud Nine, Premium",TRUE,Size,Three Quarter (107cm),Length,Extra Length (200cm),Configuration,Bed Set,cloud-nine-epic-comfort-bed-set-12,50000,,100,continue,manual,9639,,TRUE,TRUE,,,,,FALSE,Epic Comfort Bed Set,Epic Comfort Bed Set by Cloud Nine. Official Premium collection.,active
cloud-nine-epic-comfort-bed-set,,,,Furniture > Beds & Accessories > Mattresses,,"Cloud Nine, Premium",TRUE,Size,Double (137cm),Length,Extra Length (200cm),Configuration,Bed Set,cloud-nine-epic-comfort-bed-set-13,50000,,100,continue,manual,11779,,TRUE,TRUE,,,,,FALSE,Epic Comfort Bed Set,Epic Comfort Bed Set by Cloud Nine. Official Premium collection.,active
cloud-nine-epic-comfort-bed-set,,,,Furniture > Beds & Accessories > Mattresses,,"Cloud Nine, Premium",TRUE,Size,Queen (152cm),Length,Extra Length (200cm),Configuration,Bed Set,cloud-nine-epic-comfort-bed-set-14,50000,,100,continue,manual,12789,,TRUE,TRUE,,,,,FALSE,Epic Comfort Bed Set,Epic Comfort Bed Set by Cloud Nine. Official Premium collection.,active
cloud-nine-epic-comfort-bed-set,,,,Furniture > Beds & Accessories > Mattresses,,"Cloud Nine, Premium",TRUE,Size,King (183cm),Length,Extra Length (200cm),Configuration,Bed Set,cloud-nine-epic-comfort-bed-set-15,50000,,100,continue,manual,16119,,TRUE,TRUE,,,,,FALSE,Epic Comfort Bed Set,Epic Comfort Bed Set by Cloud Nine. Official Premium collection.,active
cloud-nine-epic-comfort-bed-set,,,,Furniture > Beds & Accessories > Mattresses,,"Cloud Nine, Premium",TRUE,Size,Single (91cm),Length,Extra Length (200cm),Configuration,Mattress Only,cloud-nine-epic-comfort-bed-set-16,50000,,100,continue,manual,6649,,TRUE,TRUE,,,,,FALSE,Epic Comfort Bed Set,Epic Comfort Bed Set by Cloud Nine. Official Premium collection.,active
cloud-nine-epic-comfort-bed-set,,,,Furniture > Beds & Accessories > Mattresses,,"Cloud Nine, Premium",TRUE,Size,Three Quarter (107cm),Length,Extra Length (200cm),Configuration,Mattress Only,cloud-nine-epic-comfort-bed-set-17,50000,,100,continue,manual,7659,,TRUE,TRUE,,,,,FALSE,Epic Comfort Bed Set,Epic Comfort Bed Set by Cloud Nine. Official Premium collection.,active
cloud-nine-epic-comfort-bed-set,,,,Furniture > Beds & Accessories > Mattresses,,"Cloud Nine, Premium",TRUE,Size,Double (137cm),Length,Extra Length (200cm),Configuration,Mattress Only,cloud-nine-epic-comfort-bed-set-18,50000,,100,continue,manual,9589,,TRUE,TRUE,,,,,FALSE,Epic Comfort Bed Set,Epic Comfort Bed Set by Cloud Nine. Official Premium collection.,active
cloud-nine-epic-comfort-bed-set,,,,Furniture > Beds & Accessories > Mattresses,,"Cloud Nine, Premium",TRUE,Size,Queen (152cm),Length,Extra Length (200cm),Configuration,Mattress Only,cloud-nine-epic-comfort-bed-set-19,50000,,100,continue,manual,10539,,TRUE,TRUE,,,,,FALSE,Epic Comfort Bed Set,Epic Comfort Bed Set by Cloud Nine. Official Premium collection.,active
cloud-nine-epic-comfort-bed-set,,,,Furniture > Beds & Accessories > Mattresses,,"Cloud Nine, Premium",TRUE,Size,King (183cm),Length,Extra Length (200cm),Configuration,Mattress Only,cloud-nine-epic-comfort-bed-set-20,50000,,100,continue,manual,12539,,TRUE,TRUE,,,,,FALSE,Epic Comfort Bed Set,Epic Comfort Bed Set by Cloud Nine. Official Premium collection.,active
cloud-nine-classic-bed-set,Classic Bed Set,"<h3>Classic Bed Set</h3>
<p><strong>Manufacturer:</strong> Cloud Nine<br/>
<strong>Range:</strong> Premium</p>
<h4>Official Product Links & Guidelines:</h4>
<ul>
  <li><a href=""https://www.bedsonline.co.za/product/cloud-nine-classic-queen/"" target=""_blank"" rel=""noopener noreferrer"">https://www.bedsonline.co.za/product/cloud-nine-classic-queen/</a></li>
  <li><a href=""https://cloudnine.co.za/beds/premium/classic/"" target=""_blank"" rel=""noopener noreferrer"">https://cloudnine.co.za/beds/premium/classic/</a></li>
</ul>
",Cloud Nine,Furniture > Beds & Accessories > Mattresses,Beds & Mattresses,"Cloud Nine, Premium",TRUE,Size,Single (91cm),Length,Standard (188cm),Configuration,Bed Set,cloud-nine-classic-bed-set-1,50000,,100,continue,manual,7539,,TRUE,TRUE,,https://wondrous-baklava-e13b07.netlify.app/assets/products/cloud_nine_Cloud_Nine_Epic_Comfort_Bed_Set.png,1,Classic Bed Set,FALSE,Classic Bed Set,Classic Bed Set by Cloud Nine. Official Premium collection.,active
cloud-nine-classic-bed-set,,,,Furniture > Beds & Accessories > Mattresses,,"Cloud Nine, Premium",TRUE,Size,Three Quarter (107cm),Length,Standard (188cm),Configuration,Bed Set,cloud-nine-classic-bed-set-2,50000,,100,continue,manual,8639,,TRUE,TRUE,,,,,FALSE,Classic Bed Set,Classic Bed Set by Cloud Nine. Official Premium collection.,active
cloud-nine-classic-bed-set,,,,Furniture > Beds & Accessories > Mattresses,,"Cloud Nine, Premium",TRUE,Size,Double (137cm),Length,Standard (188cm),Configuration,Bed Set,cloud-nine-classic-bed-set-3,50000,,100,continue,manual,10529,,TRUE,TRUE,,,,,FALSE,Classic Bed Set,Classic Bed Set by Cloud Nine. Official Premium collection.,active
cloud-nine-classic-bed-set,,,,Furniture > Beds & Accessories > Mattresses,,"Cloud Nine, Premium",TRUE,Size,Queen (152cm),Length,Standard (188cm),Configuration,Bed Set,cloud-nine-classic-bed-set-4,50000,,100,continue,manual,11459,,TRUE,TRUE,,,,,FALSE,Classic Bed Set,Classic Bed Set by Cloud Nine. Official Premium collection.,active
cloud-nine-classic-bed-set,,,,Furniture > Beds & Accessories > Mattresses,,"Cloud Nine, Premium",TRUE,Size,King (183cm),Length,Standard (188cm),Configuration,Bed Set,cloud-nine-classic-bed-set-5,50000,,100,continue,manual,14519,,TRUE,TRUE,,,,,FALSE,Classic Bed Set,Classic Bed Set by Cloud Nine. Official Premium collection.,active
cloud-nine-classic-bed-set,,,,Furniture > Beds & Accessories > Mattresses,,"Cloud Nine, Premium",TRUE,Size,Single (91cm),Length,Extra Length (200cm),Configuration,Bed Set,cloud-nine-classic-bed-set-6,50000,,100,continue,manual,8149,,TRUE,TRUE,,,,,FALSE,Classic Bed Set,Classic Bed Set by Cloud Nine. Official Premium collection.,active
cloud-nine-classic-bed-set,,,,Furniture > Beds & Accessories > Mattresses,,"Cloud Nine, Premium",TRUE,Size,Three Quarter (107cm),Length,Extra Length (200cm),Configuration,Bed Set,cloud-nine-classic-bed-set-7,50000,,100,continue,manual,9329,,TRUE,TRUE,,,,,FALSE,Classic Bed Set,Classic Bed Set by Cloud Nine. Official Premium collection.,active
cloud-nine-classic-bed-set,,,,Furniture > Beds & Accessories > Mattresses,,"Cloud Nine, Premium",TRUE,Size,Double (137cm),Length,Extra Length (200cm),Configuration,Bed Set,cloud-nine-classic-bed-set-8,50000,,100,continue,manual,11379,,TRUE,TRUE,,,,,FALSE,Classic Bed Set,Classic Bed Set by Cloud Nine. Official Premium collection.,active
cloud-nine-classic-bed-set,,,,Furniture > Beds & Accessories > Mattresses,,"Cloud Nine, Premium",TRUE,Size,Queen (152cm),Length,Extra Length (200cm),Configuration,Bed Set,cloud-nine-classic-bed-set-9,50000,,100,continue,manual,12379,,TRUE,TRUE,,,,,FALSE,Classic Bed Set,Classic Bed Set by Cloud Nine. Official Premium collection.,active
cloud-nine-classic-bed-set,,,,Furniture > Beds & Accessories > Mattresses,,"Cloud Nine, Premium",TRUE,Size,King (183cm),Length,Extra Length (200cm),Configuration,Bed Set,cloud-nine-classic-bed-set-10,50000,,100,continue,manual,15679,,TRUE,TRUE,,,,,FALSE,Classic Bed Set,Classic Bed Set by Cloud Nine. Official Premium collection.,active
cloud-nine-lodestar-bed-set,Lodestar Bed Set,"<h3>Lodestar Bed Set</h3>
<p><strong>Manufacturer:</strong> Cloud Nine<br/>
<strong>Range:</strong> Premium</p>
<h4>Official Product Links & Guidelines:</h4>
<ul>
  <li><a href=""https://www.bedsonline.co.za/product/cloud-nine-lodestar-queen/"" target=""_blank"" rel=""noopener noreferrer"">https://www.bedsonline.co.za/product/cloud-nine-lodestar-queen/</a></li>
  <li><a href=""https://cloudnine.co.za/beds/premium/lodestar/"" target=""_blank"" rel=""noopener noreferrer"">https://cloudnine.co.za/beds/premium/lodestar/</a></li>
</ul>
",Cloud Nine,Furniture > Beds & Accessories > Mattresses,Beds & Mattresses,"Cloud Nine, Premium",TRUE,Size,Single (91cm),Length,Standard (188cm),Configuration,Bed Set,cloud-nine-lodestar-bed-set-1,50000,,100,continue,manual,8159,,TRUE,TRUE,,https://wondrous-baklava-e13b07.netlify.app/assets/products/cloud_nine_Cloud_Nine_Epic_Comfort_Bed_Set.png,1,Lodestar Bed Set,FALSE,Lodestar Bed Set,Lodestar Bed Set by Cloud Nine. Official Premium collection.,active
cloud-nine-lodestar-bed-set,,,,Furniture > Beds & Accessories > Mattresses,,"Cloud Nine, Premium",TRUE,Size,Three Quarter (107cm),Length,Standard (188cm),Configuration,Bed Set,cloud-nine-lodestar-bed-set-2,50000,,100,continue,manual,9339,,TRUE,TRUE,,,,,FALSE,Lodestar Bed Set,Lodestar Bed Set by Cloud Nine. Official Premium collection.,active
cloud-nine-lodestar-bed-set,,,,Furniture > Beds & Accessories > Mattresses,,"Cloud Nine, Premium",TRUE,Size,Double (137cm),Length,Standard (188cm),Configuration,Bed Set,cloud-nine-lodestar-bed-set-3,50000,,100,continue,manual,11359,,TRUE,TRUE,,,,,FALSE,Lodestar Bed Set,Lodestar Bed Set by Cloud Nine. Official Premium collection.,active
cloud-nine-lodestar-bed-set,,,,Furniture > Beds & Accessories > Mattresses,,"Cloud Nine, Premium",TRUE,Size,Queen (152cm),Length,Standard (188cm),Configuration,Bed Set,cloud-nine-lodestar-bed-set-4,50000,,100,continue,manual,12389,,TRUE,TRUE,,,,,FALSE,Lodestar Bed Set,Lodestar Bed Set by Cloud Nine. Official Premium collection.,active
cloud-nine-lodestar-bed-set,,,,Furniture > Beds & Accessories > Mattresses,,"Cloud Nine, Premium",TRUE,Size,King (183cm),Length,Standard (188cm),Configuration,Bed Set,cloud-nine-lodestar-bed-set-5,50000,,100,continue,manual,15539,,TRUE,TRUE,,,,,FALSE,Lodestar Bed Set,Lodestar Bed Set by Cloud Nine. Official Premium collection.,active
cloud-nine-lodestar-bed-set,,,,Furniture > Beds & Accessories > Mattresses,,"Cloud Nine, Premium",TRUE,Size,Single (91cm),Length,Extra Length (200cm),Configuration,Bed Set,cloud-nine-lodestar-bed-set-6,50000,,100,continue,manual,8819,,TRUE,TRUE,,,,,FALSE,Lodestar Bed Set,Lodestar Bed Set by Cloud Nine. Official Premium collection.,active
cloud-nine-lodestar-bed-set,,,,Furniture > Beds & Accessories > Mattresses,,"Cloud Nine, Premium",TRUE,Size,Three Quarter (107cm),Length,Extra Length (200cm),Configuration,Bed Set,cloud-nine-lodestar-bed-set-7,50000,,100,continue,manual,10089,,TRUE,TRUE,,,,,FALSE,Lodestar Bed Set,Lodestar Bed Set by Cloud Nine. Official Premium collection.,active
cloud-nine-lodestar-bed-set,,,,Furniture > Beds & Accessories > Mattresses,,"Cloud Nine, Premium",TRUE,Size,Double (137cm),Length,Extra Length (200cm),Configuration,Bed Set,cloud-nine-lodestar-bed-set-8,50000,,100,continue,manual,12269,,TRUE,TRUE,,,,,FALSE,Lodestar Bed Set,Lodestar Bed Set by Cloud Nine. Official Premium collection.,active
cloud-nine-lodestar-bed-set,,,,Furniture > Beds & Accessories > Mattresses,,"Cloud Nine, Premium",TRUE,Size,Queen (152cm),Length,Extra Length (200cm),Configuration,Bed Set,cloud-nine-lodestar-bed-set-9,50000,,100,continue,manual,13379,,TRUE,TRUE,,,,,FALSE,Lodestar Bed Set,Lodestar Bed Set by Cloud Nine. Official Premium collection.,active
cloud-nine-lodestar-bed-set,,,,Furniture > Beds & Accessories > Mattresses,,"Cloud Nine, Premium",TRUE,Size,King (183cm),Length,Extra Length (200cm),Configuration,Bed Set,cloud-nine-lodestar-bed-set-10,50000,,100,continue,manual,16789,,TRUE,TRUE,,,,,FALSE,Lodestar Bed Set,Lodestar Bed Set by Cloud Nine. Official Premium collection.,active
mattress-world-big-l-shape-corner-couch,Big L-Shape Corner Couch,"<h3>Big L-Shape Corner Couch</h3>
<p><strong>Manufacturer:</strong> Mattress World<br/>
<strong>Range:</strong> Orthopedic Collection</p>
",Mattress World,Furniture > Beds & Accessories > Mattresses,Couches & Seating,"Mattress World, Orthopedic Collection",TRUE,Size,Standard,Length,Standard (188cm),Configuration,Standard,mattress-world-big-l-shape-corner-couch-1,50000,,100,continue,manual,4999,,TRUE,TRUE,,https://wondrous-baklava-e13b07.netlify.app/assets/products/mattress_world_Big-L-Shape_Corner_Couch_Clean.jpg,1,Big L-Shape Corner Couch,FALSE,Big L-Shape Corner Couch,Big L-Shape Corner Couch by Mattress World. Official Orthopedic Collection collection.,active
mattress-world-chesterfield,Chesterfield,"<h3>Chesterfield</h3>
<p><strong>Manufacturer:</strong> Mattress World<br/>
<strong>Range:</strong> Orthopedic Collection</p>
",Mattress World,Furniture > Beds & Accessories > Mattresses,Couches & Seating,"Mattress World, Orthopedic Collection",TRUE,Size,Standard,Length,Standard (188cm),Configuration,Standard,mattress-world-chesterfield-1,50000,,100,continue,manual,2999,,TRUE,TRUE,,https://wondrous-baklava-e13b07.netlify.app/assets/products/mattress_world_Big-L-Shape_Corner_Couch_Clean.jpg,1,Chesterfield,FALSE,Chesterfield,Chesterfield by Mattress World. Official Orthopedic Collection collection.,active
mattress-world-oxford,Oxford,"<h3>Oxford</h3>
<p><strong>Manufacturer:</strong> Mattress World<br/>
<strong>Range:</strong> Orthopedic Collection</p>
",Mattress World,Furniture > Beds & Accessories > Mattresses,Couches & Seating,"Mattress World, Orthopedic Collection",TRUE,Size,Standard,Length,Standard (188cm),Configuration,Standard,mattress-world-oxford-1,50000,,100,continue,manual,2999,,TRUE,TRUE,,https://wondrous-baklava-e13b07.netlify.app/assets/products/mattress_world_Oxford_3_Piece_Couch_Set.jpg,1,Oxford,FALSE,Oxford,Oxford by Mattress World. Official Orthopedic Collection collection.,active
mattress-world-lola,Lola,"<h3>Lola</h3>
<p><strong>Manufacturer:</strong> Mattress World<br/>
<strong>Range:</strong> Orthopedic Collection</p>
",Mattress World,Furniture > Beds & Accessories > Mattresses,Couches & Seating,"Mattress World, Orthopedic Collection",TRUE,Size,Standard,Length,Standard (188cm),Configuration,Standard,mattress-world-lola-1,50000,,100,continue,manual,2999,,TRUE,TRUE,,https://wondrous-baklava-e13b07.netlify.app/assets/products/mattress_world_Lola_3_Piece_Couch_Set_2.jpg,1,Lola,FALSE,Lola,Lola by Mattress World. Official Orthopedic Collection collection.,active
mattress-world-small-l-shape-corner-couch,Small L-Shape Corner Couch,"<h3>Small L-Shape Corner Couch</h3>
<p><strong>Manufacturer:</strong> Mattress World<br/>
<strong>Range:</strong> Orthopedic Collection</p>
",Mattress World,Furniture > Beds & Accessories > Mattresses,Couches & Seating,"Mattress World, Orthopedic Collection",TRUE,Size,Standard,Length,Standard (188cm),Configuration,Standard,mattress-world-small-l-shape-corner-couch-1,50000,,100,continue,manual,4999,,TRUE,TRUE,,https://wondrous-baklava-e13b07.netlify.app/assets/products/mattress_world_Small_L-Shape_Corner_Couch_Clean.jpg,1,Small L-Shape Corner Couch,FALSE,Small L-Shape Corner Couch,Small L-Shape Corner Couch by Mattress World. Official Orthopedic Collection collection.,active
mattress-world-california,California,"<h3>California</h3>
<p><strong>Manufacturer:</strong> Mattress World<br/>
<strong>Range:</strong> Orthopedic Collection</p>
",Mattress World,Furniture > Beds & Accessories > Mattresses,Couches & Seating,"Mattress World, Orthopedic Collection",TRUE,Size,Standard,Length,Standard (188cm),Configuration,Standard,mattress-world-california-1,50000,,100,continue,manual,2999,,TRUE,TRUE,,https://wondrous-baklava-e13b07.netlify.app/assets/products/mattress_world_Big-L-Shape_Corner_Couch_Clean.jpg,1,California,FALSE,California,California by Mattress World. Official Orthopedic Collection collection.,active
mattress-world-double-pine-bunk,Double Pine Bunk,"<h3>Double Pine Bunk</h3>
<p><strong>Manufacturer:</strong> Mattress World<br/>
<strong>Range:</strong> Orthopedic Collection</p>
",Mattress World,Furniture > Beds & Accessories > Mattresses,Bunk Beds,"Mattress World, Orthopedic Collection",TRUE,Size,Standard,Length,Standard (188cm),Configuration,Standard,mattress-world-double-pine-bunk-1,50000,,100,continue,manual,1000,,TRUE,TRUE,,https://wondrous-baklava-e13b07.netlify.app/assets/products/mattress_world_Double_Pine_Bunk_Clean.jpg,1,Double Pine Bunk,FALSE,Double Pine Bunk,Double Pine Bunk by Mattress World. Official Orthopedic Collection collection.,active
mattress-world-chain-link-padded-headboard,Chain Link Padded Headboard,"<h3>Chain Link Padded Headboard</h3>
<p><strong>Manufacturer:</strong> Mattress World<br/>
<strong>Range:</strong> Orthopedic Collection</p>
",Mattress World,Furniture > Beds & Accessories > Mattresses,Headboards,"Mattress World, Orthopedic Collection",TRUE,Size,Standard,Length,Standard (188cm),Configuration,Standard,mattress-world-chain-link-padded-headboard-1,50000,,100,continue,manual,1999,,TRUE,TRUE,,https://wondrous-baklava-e13b07.netlify.app/assets/products/mattress_world_Chain_Link_Padded_Headboard_Clean_1.jpg,1,Chain Link Padded Headboard,FALSE,Chain Link Padded Headboard,Chain Link Padded Headboard by Mattress World. Official Orthopedic Collection collection.,active
mattress-world-prestige-teardrop-bed-set,Prestige Teardrop Bed Set,"<h3>Prestige Teardrop Bed Set</h3>
<p><strong>Manufacturer:</strong> Mattress World<br/>
<strong>Range:</strong> Ortho Sleep Range – All Ortho Sleep Range Mattresses are Orthopedic Design. Made stronger to help improve posture, better quality than average mattress es and keep their shape and feel for a longer period of time. Great quality and good for back support.</p>
<h4>Features & Specs:</h4>
<ul>
  <li>Hospitality Grade Quality</li>
  <li>Heavy Duty Full Body Support Spring</li>
  <li>Blue Gel Memory F oam Comfort Layer</li>
  <li>Turn Free Design</li>
  <li>120kg Per Person Per Side</li>
  <li>1 Year Guarantee</li>
  <li>1 8 Year Warranty</li>
  <li>Medium Feel</li>
</ul>
",Mattress World,Furniture > Beds & Accessories > Mattresses,Beds & Mattresses,"Mattress World, Ortho Sleep Range – All Ortho Sleep Range Mattresses are Orthopedic Design. Made stronger to help improve posture, better quality than average mattress es and keep their shape and feel for a longer period of time. Great quality and good for back support.",TRUE,Size,Single (91cm),Length,Standard (188cm),Configuration,Bed Set,mattress-world-prestige-teardrop-bed-set-1,50000,,100,continue,manual,5199,,TRUE,TRUE,,https://wondrous-baklava-e13b07.netlify.app/assets/products/mattress_world_Prestige_Teardrop_Double_Bed_Set.jpg,1,Prestige Teardrop Bed Set,FALSE,Prestige Teardrop Bed Set,"Prestige Teardrop Bed Set by Mattress World. Official Ortho Sleep Range – All Ortho Sleep Range Mattresses are Orthopedic Design. Made stronger to help improve posture, better quality than average mattress es and keep their shape and feel for a longer period of time. Great quality and good for back support. collection.",active
mattress-world-prestige-teardrop-bed-set,,,,Furniture > Beds & Accessories > Mattresses,,"Mattress World, Ortho Sleep Range – All Ortho Sleep Range Mattresses are Orthopedic Design. Made stronger to help improve posture, better quality than average mattress es and keep their shape and feel for a longer period of time. Great quality and good for back support.",TRUE,Size,Three Quarter (107cm),Length,Standard (188cm),Configuration,Bed Set,mattress-world-prestige-teardrop-bed-set-2,50000,,100,continue,manual,6199,,TRUE,TRUE,,,,,FALSE,Prestige Teardrop Bed Set,"Prestige Teardrop Bed Set by Mattress World. Official Ortho Sleep Range – All Ortho Sleep Range Mattresses are Orthopedic Design. Made stronger to help improve posture, better quality than average mattress es and keep their shape and feel for a longer period of time. Great quality and good for back support. collection.",active
mattress-world-prestige-teardrop-bed-set,,,,Furniture > Beds & Accessories > Mattresses,,"Mattress World, Ortho Sleep Range – All Ortho Sleep Range Mattresses are Orthopedic Design. Made stronger to help improve posture, better quality than average mattress es and keep their shape and feel for a longer period of time. Great quality and good for back support.",TRUE,Size,Double (137cm),Length,Standard (188cm),Configuration,Bed Set,mattress-world-prestige-teardrop-bed-set-3,50000,,100,continue,manual,7199,,TRUE,TRUE,,,,,FALSE,Prestige Teardrop Bed Set,"Prestige Teardrop Bed Set by Mattress World. Official Ortho Sleep Range – All Ortho Sleep Range Mattresses are Orthopedic Design. Made stronger to help improve posture, better quality than average mattress es and keep their shape and feel for a longer period of time. Great quality and good for back support. collection.",active
mattress-world-prestige-teardrop-bed-set,,,,Furniture > Beds & Accessories > Mattresses,,"Mattress World, Ortho Sleep Range – All Ortho Sleep Range Mattresses are Orthopedic Design. Made stronger to help improve posture, better quality than average mattress es and keep their shape and feel for a longer period of time. Great quality and good for back support.",TRUE,Size,Queen (152cm),Length,Standard (188cm),Configuration,Bed Set,mattress-world-prestige-teardrop-bed-set-4,50000,,100,continue,manual,7199,,TRUE,TRUE,,,,,FALSE,Prestige Teardrop Bed Set,"Prestige Teardrop Bed Set by Mattress World. Official Ortho Sleep Range – All Ortho Sleep Range Mattresses are Orthopedic Design. Made stronger to help improve posture, better quality than average mattress es and keep their shape and feel for a longer period of time. Great quality and good for back support. collection.",active
mattress-world-prestige-teardrop-bed-set,,,,Furniture > Beds & Accessories > Mattresses,,"Mattress World, Ortho Sleep Range – All Ortho Sleep Range Mattresses are Orthopedic Design. Made stronger to help improve posture, better quality than average mattress es and keep their shape and feel for a longer period of time. Great quality and good for back support.",TRUE,Size,King (183cm),Length,Standard (188cm),Configuration,Bed Set,mattress-world-prestige-teardrop-bed-set-5,50000,,100,continue,manual,9199,,TRUE,TRUE,,,,,FALSE,Prestige Teardrop Bed Set,"Prestige Teardrop Bed Set by Mattress World. Official Ortho Sleep Range – All Ortho Sleep Range Mattresses are Orthopedic Design. Made stronger to help improve posture, better quality than average mattress es and keep their shape and feel for a longer period of time. Great quality and good for back support. collection.",active
mattress-world-prestige-teardrop-bed-set,,,,Furniture > Beds & Accessories > Mattresses,,"Mattress World, Ortho Sleep Range – All Ortho Sleep Range Mattresses are Orthopedic Design. Made stronger to help improve posture, better quality than average mattress es and keep their shape and feel for a longer period of time. Great quality and good for back support.",TRUE,Size,Single (91cm),Length,Extra Length (200cm),Configuration,Bed Set,mattress-world-prestige-teardrop-bed-set-6,50000,,100,continue,manual,6239,,TRUE,TRUE,,,,,FALSE,Prestige Teardrop Bed Set,"Prestige Teardrop Bed Set by Mattress World. Official Ortho Sleep Range – All Ortho Sleep Range Mattresses are Orthopedic Design. Made stronger to help improve posture, better quality than average mattress es and keep their shape and feel for a longer period of time. Great quality and good for back support. collection.",active
mattress-world-prestige-teardrop-bed-set,,,,Furniture > Beds & Accessories > Mattresses,,"Mattress World, Ortho Sleep Range – All Ortho Sleep Range Mattresses are Orthopedic Design. Made stronger to help improve posture, better quality than average mattress es and keep their shape and feel for a longer period of time. Great quality and good for back support.",TRUE,Size,Three Quarter (107cm),Length,Extra Length (200cm),Configuration,Bed Set,mattress-world-prestige-teardrop-bed-set-7,50000,,100,continue,manual,7439,,TRUE,TRUE,,,,,FALSE,Prestige Teardrop Bed Set,"Prestige Teardrop Bed Set by Mattress World. Official Ortho Sleep Range – All Ortho Sleep Range Mattresses are Orthopedic Design. Made stronger to help improve posture, better quality than average mattress es and keep their shape and feel for a longer period of time. Great quality and good for back support. collection.",active
mattress-world-prestige-teardrop-bed-set,,,,Furniture > Beds & Accessories > Mattresses,,"Mattress World, Ortho Sleep Range – All Ortho Sleep Range Mattresses are Orthopedic Design. Made stronger to help improve posture, better quality than average mattress es and keep their shape and feel for a longer period of time. Great quality and good for back support.",TRUE,Size,Double (137cm),Length,Extra Length (200cm),Configuration,Bed Set,mattress-world-prestige-teardrop-bed-set-8,50000,,100,continue,manual,8639,,TRUE,TRUE,,,,,FALSE,Prestige Teardrop Bed Set,"Prestige Teardrop Bed Set by Mattress World. Official Ortho Sleep Range – All Ortho Sleep Range Mattresses are Orthopedic Design. Made stronger to help improve posture, better quality than average mattress es and keep their shape and feel for a longer period of time. Great quality and good for back support. collection.",active
mattress-world-prestige-teardrop-bed-set,,,,Furniture > Beds & Accessories > Mattresses,,"Mattress World, Ortho Sleep Range – All Ortho Sleep Range Mattresses are Orthopedic Design. Made stronger to help improve posture, better quality than average mattress es and keep their shape and feel for a longer period of time. Great quality and good for back support.",TRUE,Size,Queen (152cm),Length,Extra Length (200cm),Configuration,Bed Set,mattress-world-prestige-teardrop-bed-set-9,50000,,100,continue,manual,8639,,TRUE,TRUE,,,,,FALSE,Prestige Teardrop Bed Set,"Prestige Teardrop Bed Set by Mattress World. Official Ortho Sleep Range – All Ortho Sleep Range Mattresses are Orthopedic Design. Made stronger to help improve posture, better quality than average mattress es and keep their shape and feel for a longer period of time. Great quality and good for back support. collection.",active
mattress-world-prestige-teardrop-bed-set,,,,Furniture > Beds & Accessories > Mattresses,,"Mattress World, Ortho Sleep Range – All Ortho Sleep Range Mattresses are Orthopedic Design. Made stronger to help improve posture, better quality than average mattress es and keep their shape and feel for a longer period of time. Great quality and good for back support.",TRUE,Size,King (183cm),Length,Extra Length (200cm),Configuration,Bed Set,mattress-world-prestige-teardrop-bed-set-10,50000,,100,continue,manual,11039,,TRUE,TRUE,,,,,FALSE,Prestige Teardrop Bed Set,"Prestige Teardrop Bed Set by Mattress World. Official Ortho Sleep Range – All Ortho Sleep Range Mattresses are Orthopedic Design. Made stronger to help improve posture, better quality than average mattress es and keep their shape and feel for a longer period of time. Great quality and good for back support. collection.",active
mattress-world-ortho-support-foam-bed-set,Ortho Support-Foam Bed Set,"<h3>Ortho Support-Foam Bed Set</h3>
<p><strong>Manufacturer:</strong> Mattress World<br/>
<strong>Range:</strong> Ortho Sleep Range – All Ortho Sleep Range Mattresses are Orthopedic Design. Made stronger to help improve posture, better quality than average mattress es and keep their shape and feel for a longer period of time. Great quality and good for back support.</p>
<h4>Features & Specs:</h4>
<ul>
  <li>Heavy Duty Support Foam Core</li>
  <li>High Density Orthopedic Comfort F oam</li>
  <li>Turn able Design</li>
  <li>Multi Layered Foam</li>
  <li>120kg Per Person Per Side</li>
  <li>1 Year Guarantee</li>
  <li>15 Year Warranty</li>
  <li>Firm Feel</li>
</ul>
",Mattress World,Furniture > Beds & Accessories > Mattresses,Beds & Mattresses,"Mattress World, Ortho Sleep Range – All Ortho Sleep Range Mattresses are Orthopedic Design. Made stronger to help improve posture, better quality than average mattress es and keep their shape and feel for a longer period of time. Great quality and good for back support.",TRUE,Size,Single (91cm),Length,Standard (188cm),Configuration,Bed Set,mattress-world-ortho-support-foam-bed-set-1,50000,,100,continue,manual,3499,,TRUE,TRUE,,https://wondrous-baklava-e13b07.netlify.app/assets/products/mattress_world_Ortho_Support_Foam_Queen_Bed_Set.jpg,1,Ortho Support-Foam Bed Set,FALSE,Ortho Support-Foam Bed Set,"Ortho Support-Foam Bed Set by Mattress World. Official Ortho Sleep Range – All Ortho Sleep Range Mattresses are Orthopedic Design. Made stronger to help improve posture, better quality than average mattress es and keep their shape and feel for a longer period of time. Great quality and good for back support. collection.",active
mattress-world-ortho-support-foam-bed-set,,,,Furniture > Beds & Accessories > Mattresses,,"Mattress World, Ortho Sleep Range – All Ortho Sleep Range Mattresses are Orthopedic Design. Made stronger to help improve posture, better quality than average mattress es and keep their shape and feel for a longer period of time. Great quality and good for back support.",TRUE,Size,Three Quarter (107cm),Length,Standard (188cm),Configuration,Bed Set,mattress-world-ortho-support-foam-bed-set-2,50000,,100,continue,manual,3999,,TRUE,TRUE,,,,,FALSE,Ortho Support-Foam Bed Set,"Ortho Support-Foam Bed Set by Mattress World. Official Ortho Sleep Range – All Ortho Sleep Range Mattresses are Orthopedic Design. Made stronger to help improve posture, better quality than average mattress es and keep their shape and feel for a longer period of time. Great quality and good for back support. collection.",active
mattress-world-ortho-support-foam-bed-set,,,,Furniture > Beds & Accessories > Mattresses,,"Mattress World, Ortho Sleep Range – All Ortho Sleep Range Mattresses are Orthopedic Design. Made stronger to help improve posture, better quality than average mattress es and keep their shape and feel for a longer period of time. Great quality and good for back support.",TRUE,Size,Double (137cm),Length,Standard (188cm),Configuration,Bed Set,mattress-world-ortho-support-foam-bed-set-3,50000,,100,continue,manual,4999,,TRUE,TRUE,,,,,FALSE,Ortho Support-Foam Bed Set,"Ortho Support-Foam Bed Set by Mattress World. Official Ortho Sleep Range – All Ortho Sleep Range Mattresses are Orthopedic Design. Made stronger to help improve posture, better quality than average mattress es and keep their shape and feel for a longer period of time. Great quality and good for back support. collection.",active
mattress-world-ortho-support-foam-bed-set,,,,Furniture > Beds & Accessories > Mattresses,,"Mattress World, Ortho Sleep Range – All Ortho Sleep Range Mattresses are Orthopedic Design. Made stronger to help improve posture, better quality than average mattress es and keep their shape and feel for a longer period of time. Great quality and good for back support.",TRUE,Size,Queen (152cm),Length,Standard (188cm),Configuration,Bed Set,mattress-world-ortho-support-foam-bed-set-4,50000,,100,continue,manual,4999,,TRUE,TRUE,,,,,FALSE,Ortho Support-Foam Bed Set,"Ortho Support-Foam Bed Set by Mattress World. Official Ortho Sleep Range – All Ortho Sleep Range Mattresses are Orthopedic Design. Made stronger to help improve posture, better quality than average mattress es and keep their shape and feel for a longer period of time. Great quality and good for back support. collection.",active
mattress-world-ortho-support-foam-bed-set,,,,Furniture > Beds & Accessories > Mattresses,,"Mattress World, Ortho Sleep Range – All Ortho Sleep Range Mattresses are Orthopedic Design. Made stronger to help improve posture, better quality than average mattress es and keep their shape and feel for a longer period of time. Great quality and good for back support.",TRUE,Size,King (183cm),Length,Standard (188cm),Configuration,Bed Set,mattress-world-ortho-support-foam-bed-set-5,50000,,100,continue,manual,6999,,TRUE,TRUE,,,,,FALSE,Ortho Support-Foam Bed Set,"Ortho Support-Foam Bed Set by Mattress World. Official Ortho Sleep Range – All Ortho Sleep Range Mattresses are Orthopedic Design. Made stronger to help improve posture, better quality than average mattress es and keep their shape and feel for a longer period of time. Great quality and good for back support. collection.",active
mattress-world-ortho-support-foam-bed-set,,,,Furniture > Beds & Accessories > Mattresses,,"Mattress World, Ortho Sleep Range – All Ortho Sleep Range Mattresses are Orthopedic Design. Made stronger to help improve posture, better quality than average mattress es and keep their shape and feel for a longer period of time. Great quality and good for back support.",TRUE,Size,Single (91cm),Length,Extra Length (200cm),Configuration,Bed Set,mattress-world-ortho-support-foam-bed-set-6,50000,,100,continue,manual,4199,,TRUE,TRUE,,,,,FALSE,Ortho Support-Foam Bed Set,"Ortho Support-Foam Bed Set by Mattress World. Official Ortho Sleep Range – All Ortho Sleep Range Mattresses are Orthopedic Design. Made stronger to help improve posture, better quality than average mattress es and keep their shape and feel for a longer period of time. Great quality and good for back support. collection.",active
mattress-world-ortho-support-foam-bed-set,,,,Furniture > Beds & Accessories > Mattresses,,"Mattress World, Ortho Sleep Range – All Ortho Sleep Range Mattresses are Orthopedic Design. Made stronger to help improve posture, better quality than average mattress es and keep their shape and feel for a longer period of time. Great quality and good for back support.",TRUE,Size,Three Quarter (107cm),Length,Extra Length (200cm),Configuration,Bed Set,mattress-world-ortho-support-foam-bed-set-7,50000,,100,continue,manual,4799,,TRUE,TRUE,,,,,FALSE,Ortho Support-Foam Bed Set,"Ortho Support-Foam Bed Set by Mattress World. Official Ortho Sleep Range – All Ortho Sleep Range Mattresses are Orthopedic Design. Made stronger to help improve posture, better quality than average mattress es and keep their shape and feel for a longer period of time. Great quality and good for back support. collection.",active
mattress-world-ortho-support-foam-bed-set,,,,Furniture > Beds & Accessories > Mattresses,,"Mattress World, Ortho Sleep Range – All Ortho Sleep Range Mattresses are Orthopedic Design. Made stronger to help improve posture, better quality than average mattress es and keep their shape and feel for a longer period of time. Great quality and good for back support.",TRUE,Size,Double (137cm),Length,Extra Length (200cm),Configuration,Bed Set,mattress-world-ortho-support-foam-bed-set-8,50000,,100,continue,manual,5999,,TRUE,TRUE,,,,,FALSE,Ortho Support-Foam Bed Set,"Ortho Support-Foam Bed Set by Mattress World. Official Ortho Sleep Range – All Ortho Sleep Range Mattresses are Orthopedic Design. Made stronger to help improve posture, better quality than average mattress es and keep their shape and feel for a longer period of time. Great quality and good for back support. collection.",active
mattress-world-ortho-support-foam-bed-set,,,,Furniture > Beds & Accessories > Mattresses,,"Mattress World, Ortho Sleep Range – All Ortho Sleep Range Mattresses are Orthopedic Design. Made stronger to help improve posture, better quality than average mattress es and keep their shape and feel for a longer period of time. Great quality and good for back support.",TRUE,Size,Queen (152cm),Length,Extra Length (200cm),Configuration,Bed Set,mattress-world-ortho-support-foam-bed-set-9,50000,,100,continue,manual,5999,,TRUE,TRUE,,,,,FALSE,Ortho Support-Foam Bed Set,"Ortho Support-Foam Bed Set by Mattress World. Official Ortho Sleep Range – All Ortho Sleep Range Mattresses are Orthopedic Design. Made stronger to help improve posture, better quality than average mattress es and keep their shape and feel for a longer period of time. Great quality and good for back support. collection.",active
mattress-world-ortho-support-foam-bed-set,,,,Furniture > Beds & Accessories > Mattresses,,"Mattress World, Ortho Sleep Range – All Ortho Sleep Range Mattresses are Orthopedic Design. Made stronger to help improve posture, better quality than average mattress es and keep their shape and feel for a longer period of time. Great quality and good for back support.",TRUE,Size,King (183cm),Length,Extra Length (200cm),Configuration,Bed Set,mattress-world-ortho-support-foam-bed-set-10,50000,,100,continue,manual,8399,,TRUE,TRUE,,,,,FALSE,Ortho Support-Foam Bed Set,"Ortho Support-Foam Bed Set by Mattress World. Official Ortho Sleep Range – All Ortho Sleep Range Mattresses are Orthopedic Design. Made stronger to help improve posture, better quality than average mattress es and keep their shape and feel for a longer period of time. Great quality and good for back support. collection.",active
mattress-world-ortho-top-bed-set,Ortho Top Bed Set,"<h3>Ortho Top Bed Set</h3>
<p><strong>Manufacturer:</strong> Mattress World<br/>
<strong>Range:</strong> Ortho Sleep Range – All Ortho Sleep Range Mattresses are Orthopedic Design. Made stronger to help improve posture, better quality than average mattresses and keep their shape and feel for a longer period of time. Great quality and good for back support.</p>
<h4>Features & Specs:</h4>
<ul>
  <li>Hip Support Spring</li>
  <li>Orthopedic Comfort Foam</li>
  <li>Turn Free Design</li>
  <li>115kg Per Person Per Side</li>
  <li>1 Year Guarantee</li>
  <li>15 Year Warranty</li>
  <li>Medium Firm Feel</li>
  <li>Prices – Bed Set :</li>
</ul>
",Mattress World,Furniture > Beds & Accessories > Mattresses,Beds & Mattresses,"Mattress World, Ortho Sleep Range – All Ortho Sleep Range Mattresses are Orthopedic Design. Made stronger to help improve posture, better quality than average mattresses and keep their shape and feel for a longer period of time. Great quality and good for back support.",TRUE,Size,Single (91cm),Length,Standard (188cm),Configuration,Bed Set,mattress-world-ortho-top-bed-set-1,50000,,100,continue,manual,2499,,TRUE,TRUE,,https://wondrous-baklava-e13b07.netlify.app/assets/products/mattress_world_Ortho-Top_Single_Bed_Set.jpg,1,Ortho Top Bed Set,FALSE,Ortho Top Bed Set,"Ortho Top Bed Set by Mattress World. Official Ortho Sleep Range – All Ortho Sleep Range Mattresses are Orthopedic Design. Made stronger to help improve posture, better quality than average mattresses and keep their shape and feel for a longer period of time. Great quality and good for back support. collection.",active
mattress-world-ortho-top-bed-set,,,,Furniture > Beds & Accessories > Mattresses,,"Mattress World, Ortho Sleep Range – All Ortho Sleep Range Mattresses are Orthopedic Design. Made stronger to help improve posture, better quality than average mattresses and keep their shape and feel for a longer period of time. Great quality and good for back support.",TRUE,Size,Three Quarter (107cm),Length,Standard (188cm),Configuration,Bed Set,mattress-world-ortho-top-bed-set-2,50000,,100,continue,manual,2799,,TRUE,TRUE,,,,,FALSE,Ortho Top Bed Set,"Ortho Top Bed Set by Mattress World. Official Ortho Sleep Range – All Ortho Sleep Range Mattresses are Orthopedic Design. Made stronger to help improve posture, better quality than average mattresses and keep their shape and feel for a longer period of time. Great quality and good for back support. collection.",active
mattress-world-ortho-top-bed-set,,,,Furniture > Beds & Accessories > Mattresses,,"Mattress World, Ortho Sleep Range – All Ortho Sleep Range Mattresses are Orthopedic Design. Made stronger to help improve posture, better quality than average mattresses and keep their shape and feel for a longer period of time. Great quality and good for back support.",TRUE,Size,Double (137cm),Length,Standard (188cm),Configuration,Bed Set,mattress-world-ortho-top-bed-set-3,50000,,100,continue,manual,2999,,TRUE,TRUE,,,,,FALSE,Ortho Top Bed Set,"Ortho Top Bed Set by Mattress World. Official Ortho Sleep Range – All Ortho Sleep Range Mattresses are Orthopedic Design. Made stronger to help improve posture, better quality than average mattresses and keep their shape and feel for a longer period of time. Great quality and good for back support. collection.",active
mattress-world-ortho-top-bed-set,,,,Furniture > Beds & Accessories > Mattresses,,"Mattress World, Ortho Sleep Range – All Ortho Sleep Range Mattresses are Orthopedic Design. Made stronger to help improve posture, better quality than average mattresses and keep their shape and feel for a longer period of time. Great quality and good for back support.",TRUE,Size,Queen (152cm),Length,Standard (188cm),Configuration,Bed Set,mattress-world-ortho-top-bed-set-4,50000,,100,continue,manual,2999,,TRUE,TRUE,,,,,FALSE,Ortho Top Bed Set,"Ortho Top Bed Set by Mattress World. Official Ortho Sleep Range – All Ortho Sleep Range Mattresses are Orthopedic Design. Made stronger to help improve posture, better quality than average mattresses and keep their shape and feel for a longer period of time. Great quality and good for back support. collection.",active
mattress-world-ortho-top-bed-set,,,,Furniture > Beds & Accessories > Mattresses,,"Mattress World, Ortho Sleep Range – All Ortho Sleep Range Mattresses are Orthopedic Design. Made stronger to help improve posture, better quality than average mattresses and keep their shape and feel for a longer period of time. Great quality and good for back support.",TRUE,Size,King (183cm),Length,Standard (188cm),Configuration,Bed Set,mattress-world-ortho-top-bed-set-5,50000,,100,continue,manual,4999,,TRUE,TRUE,,,,,FALSE,Ortho Top Bed Set,"Ortho Top Bed Set by Mattress World. Official Ortho Sleep Range – All Ortho Sleep Range Mattresses are Orthopedic Design. Made stronger to help improve posture, better quality than average mattresses and keep their shape and feel for a longer period of time. Great quality and good for back support. collection.",active
mattress-world-ortho-top-bed-set,,,,Furniture > Beds & Accessories > Mattresses,,"Mattress World, Ortho Sleep Range – All Ortho Sleep Range Mattresses are Orthopedic Design. Made stronger to help improve posture, better quality than average mattresses and keep their shape and feel for a longer period of time. Great quality and good for back support.",TRUE,Size,Single (91cm),Length,Standard (188cm),Configuration,Mattress Only,mattress-world-ortho-top-bed-set-6,50000,,100,continue,manual,1999,,TRUE,TRUE,,,,,FALSE,Ortho Top Bed Set,"Ortho Top Bed Set by Mattress World. Official Ortho Sleep Range – All Ortho Sleep Range Mattresses are Orthopedic Design. Made stronger to help improve posture, better quality than average mattresses and keep their shape and feel for a longer period of time. Great quality and good for back support. collection.",active
mattress-world-ortho-top-bed-set,,,,Furniture > Beds & Accessories > Mattresses,,"Mattress World, Ortho Sleep Range – All Ortho Sleep Range Mattresses are Orthopedic Design. Made stronger to help improve posture, better quality than average mattresses and keep their shape and feel for a longer period of time. Great quality and good for back support.",TRUE,Size,Three Quarter (107cm),Length,Standard (188cm),Configuration,Mattress Only,mattress-world-ortho-top-bed-set-7,50000,,100,continue,manual,2299,,TRUE,TRUE,,,,,FALSE,Ortho Top Bed Set,"Ortho Top Bed Set by Mattress World. Official Ortho Sleep Range – All Ortho Sleep Range Mattresses are Orthopedic Design. Made stronger to help improve posture, better quality than average mattresses and keep their shape and feel for a longer period of time. Great quality and good for back support. collection.",active
mattress-world-ortho-top-bed-set,,,,Furniture > Beds & Accessories > Mattresses,,"Mattress World, Ortho Sleep Range – All Ortho Sleep Range Mattresses are Orthopedic Design. Made stronger to help improve posture, better quality than average mattresses and keep their shape and feel for a longer period of time. Great quality and good for back support.",TRUE,Size,Double (137cm),Length,Standard (188cm),Configuration,Mattress Only,mattress-world-ortho-top-bed-set-8,50000,,100,continue,manual,2499,,TRUE,TRUE,,,,,FALSE,Ortho Top Bed Set,"Ortho Top Bed Set by Mattress World. Official Ortho Sleep Range – All Ortho Sleep Range Mattresses are Orthopedic Design. Made stronger to help improve posture, better quality than average mattresses and keep their shape and feel for a longer period of time. Great quality and good for back support. collection.",active
mattress-world-ortho-top-bed-set,,,,Furniture > Beds & Accessories > Mattresses,,"Mattress World, Ortho Sleep Range – All Ortho Sleep Range Mattresses are Orthopedic Design. Made stronger to help improve posture, better quality than average mattresses and keep their shape and feel for a longer period of time. Great quality and good for back support.",TRUE,Size,Queen (152cm),Length,Standard (188cm),Configuration,Mattress Only,mattress-world-ortho-top-bed-set-9,50000,,100,continue,manual,2499,,TRUE,TRUE,,,,,FALSE,Ortho Top Bed Set,"Ortho Top Bed Set by Mattress World. Official Ortho Sleep Range – All Ortho Sleep Range Mattresses are Orthopedic Design. Made stronger to help improve posture, better quality than average mattresses and keep their shape and feel for a longer period of time. Great quality and good for back support. collection.",active
mattress-world-ortho-top-bed-set,,,,Furniture > Beds & Accessories > Mattresses,,"Mattress World, Ortho Sleep Range – All Ortho Sleep Range Mattresses are Orthopedic Design. Made stronger to help improve posture, better quality than average mattresses and keep their shape and feel for a longer period of time. Great quality and good for back support.",TRUE,Size,King (183cm),Length,Standard (188cm),Configuration,Mattress Only,mattress-world-ortho-top-bed-set-10,50000,,100,continue,manual,3999,,TRUE,TRUE,,,,,FALSE,Ortho Top Bed Set,"Ortho Top Bed Set by Mattress World. Official Ortho Sleep Range – All Ortho Sleep Range Mattresses are Orthopedic Design. Made stronger to help improve posture, better quality than average mattresses and keep their shape and feel for a longer period of time. Great quality and good for back support. collection.",active
mattress-world-hospitality-foam-bed-set,Hospitality-Foam Bed Set,"<h3>Hospitality-Foam Bed Set</h3>
<p><strong>Manufacturer:</strong> Mattress World<br/>
<strong>Range:</strong> Ortho Sleep Range – All Ortho Sleep Range Mattresses are Orthopedic Design. Made stronger to help improve posture, better quality than average mattresses and keep their shape and feel for a longer period of time. Great quality and good for back support.</p>
<h4>Features & Specs:</h4>
<ul>
  <li>Hospitality Grade Quality</li>
  <li>Heavy Duty Support Foam Core</li>
  <li>High Density Orthopedic Comfort Foam</li>
  <li>Turnable Design</li>
  <li>Multi Layered Foam</li>
  <li>120kg Per Person Per Side</li>
  <li>1 Year Guarantee</li>
  <li>15 Year Warranty</li>
</ul>
",Mattress World,Furniture > Beds & Accessories > Mattresses,Beds & Mattresses,"Mattress World, Ortho Sleep Range – All Ortho Sleep Range Mattresses are Orthopedic Design. Made stronger to help improve posture, better quality than average mattresses and keep their shape and feel for a longer period of time. Great quality and good for back support.",TRUE,Size,Single (91cm),Length,Standard (188cm),Configuration,Bed Set,mattress-world-hospitality-foam-bed-set-1,50000,,100,continue,manual,3999,,TRUE,TRUE,,https://wondrous-baklava-e13b07.netlify.app/assets/products/mattress_world_Hospitality-Pocket_Bed_set.jpg,1,Hospitality-Foam Bed Set,FALSE,Hospitality-Foam Bed Set,"Hospitality-Foam Bed Set by Mattress World. Official Ortho Sleep Range – All Ortho Sleep Range Mattresses are Orthopedic Design. Made stronger to help improve posture, better quality than average mattresses and keep their shape and feel for a longer period of time. Great quality and good for back support. collection.",active
mattress-world-hospitality-foam-bed-set,,,,Furniture > Beds & Accessories > Mattresses,,"Mattress World, Ortho Sleep Range – All Ortho Sleep Range Mattresses are Orthopedic Design. Made stronger to help improve posture, better quality than average mattresses and keep their shape and feel for a longer period of time. Great quality and good for back support.",TRUE,Size,Three Quarter (107cm),Length,Standard (188cm),Configuration,Bed Set,mattress-world-hospitality-foam-bed-set-2,50000,,100,continue,manual,4499,,TRUE,TRUE,,,,,FALSE,Hospitality-Foam Bed Set,"Hospitality-Foam Bed Set by Mattress World. Official Ortho Sleep Range – All Ortho Sleep Range Mattresses are Orthopedic Design. Made stronger to help improve posture, better quality than average mattresses and keep their shape and feel for a longer period of time. Great quality and good for back support. collection.",active
mattress-world-hospitality-foam-bed-set,,,,Furniture > Beds & Accessories > Mattresses,,"Mattress World, Ortho Sleep Range – All Ortho Sleep Range Mattresses are Orthopedic Design. Made stronger to help improve posture, better quality than average mattresses and keep their shape and feel for a longer period of time. Great quality and good for back support.",TRUE,Size,Double (137cm),Length,Standard (188cm),Configuration,Bed Set,mattress-world-hospitality-foam-bed-set-3,50000,,100,continue,manual,5499,,TRUE,TRUE,,,,,FALSE,Hospitality-Foam Bed Set,"Hospitality-Foam Bed Set by Mattress World. Official Ortho Sleep Range – All Ortho Sleep Range Mattresses are Orthopedic Design. Made stronger to help improve posture, better quality than average mattresses and keep their shape and feel for a longer period of time. Great quality and good for back support. collection.",active
mattress-world-hospitality-foam-bed-set,,,,Furniture > Beds & Accessories > Mattresses,,"Mattress World, Ortho Sleep Range – All Ortho Sleep Range Mattresses are Orthopedic Design. Made stronger to help improve posture, better quality than average mattresses and keep their shape and feel for a longer period of time. Great quality and good for back support.",TRUE,Size,Queen (152cm),Length,Standard (188cm),Configuration,Bed Set,mattress-world-hospitality-foam-bed-set-4,50000,,100,continue,manual,5499,,TRUE,TRUE,,,,,FALSE,Hospitality-Foam Bed Set,"Hospitality-Foam Bed Set by Mattress World. Official Ortho Sleep Range – All Ortho Sleep Range Mattresses are Orthopedic Design. Made stronger to help improve posture, better quality than average mattresses and keep their shape and feel for a longer period of time. Great quality and good for back support. collection.",active
mattress-world-hospitality-foam-bed-set,,,,Furniture > Beds & Accessories > Mattresses,,"Mattress World, Ortho Sleep Range – All Ortho Sleep Range Mattresses are Orthopedic Design. Made stronger to help improve posture, better quality than average mattresses and keep their shape and feel for a longer period of time. Great quality and good for back support.",TRUE,Size,King (183cm),Length,Standard (188cm),Configuration,Bed Set,mattress-world-hospitality-foam-bed-set-5,50000,,100,continue,manual,7499,,TRUE,TRUE,,,,,FALSE,Hospitality-Foam Bed Set,"Hospitality-Foam Bed Set by Mattress World. Official Ortho Sleep Range – All Ortho Sleep Range Mattresses are Orthopedic Design. Made stronger to help improve posture, better quality than average mattresses and keep their shape and feel for a longer period of time. Great quality and good for back support. collection.",active
mattress-world-hospitality-foam-bed-set,,,,Furniture > Beds & Accessories > Mattresses,,"Mattress World, Ortho Sleep Range – All Ortho Sleep Range Mattresses are Orthopedic Design. Made stronger to help improve posture, better quality than average mattresses and keep their shape and feel for a longer period of time. Great quality and good for back support.",TRUE,Size,Single (91cm),Length,Standard (188cm),Configuration,Mattress Only,mattress-world-hospitality-foam-bed-set-6,50000,,100,continue,manual,3499,,TRUE,TRUE,,,,,FALSE,Hospitality-Foam Bed Set,"Hospitality-Foam Bed Set by Mattress World. Official Ortho Sleep Range – All Ortho Sleep Range Mattresses are Orthopedic Design. Made stronger to help improve posture, better quality than average mattresses and keep their shape and feel for a longer period of time. Great quality and good for back support. collection.",active
mattress-world-hospitality-foam-bed-set,,,,Furniture > Beds & Accessories > Mattresses,,"Mattress World, Ortho Sleep Range – All Ortho Sleep Range Mattresses are Orthopedic Design. Made stronger to help improve posture, better quality than average mattresses and keep their shape and feel for a longer period of time. Great quality and good for back support.",TRUE,Size,Three Quarter (107cm),Length,Standard (188cm),Configuration,Mattress Only,mattress-world-hospitality-foam-bed-set-7,50000,,100,continue,manual,3999,,TRUE,TRUE,,,,,FALSE,Hospitality-Foam Bed Set,"Hospitality-Foam Bed Set by Mattress World. Official Ortho Sleep Range – All Ortho Sleep Range Mattresses are Orthopedic Design. Made stronger to help improve posture, better quality than average mattresses and keep their shape and feel for a longer period of time. Great quality and good for back support. collection.",active
mattress-world-hospitality-foam-bed-set,,,,Furniture > Beds & Accessories > Mattresses,,"Mattress World, Ortho Sleep Range – All Ortho Sleep Range Mattresses are Orthopedic Design. Made stronger to help improve posture, better quality than average mattresses and keep their shape and feel for a longer period of time. Great quality and good for back support.",TRUE,Size,Double (137cm),Length,Standard (188cm),Configuration,Mattress Only,mattress-world-hospitality-foam-bed-set-8,50000,,100,continue,manual,4999,,TRUE,TRUE,,,,,FALSE,Hospitality-Foam Bed Set,"Hospitality-Foam Bed Set by Mattress World. Official Ortho Sleep Range – All Ortho Sleep Range Mattresses are Orthopedic Design. Made stronger to help improve posture, better quality than average mattresses and keep their shape and feel for a longer period of time. Great quality and good for back support. collection.",active
mattress-world-hospitality-foam-bed-set,,,,Furniture > Beds & Accessories > Mattresses,,"Mattress World, Ortho Sleep Range – All Ortho Sleep Range Mattresses are Orthopedic Design. Made stronger to help improve posture, better quality than average mattresses and keep their shape and feel for a longer period of time. Great quality and good for back support.",TRUE,Size,Queen (152cm),Length,Standard (188cm),Configuration,Mattress Only,mattress-world-hospitality-foam-bed-set-9,50000,,100,continue,manual,4999,,TRUE,TRUE,,,,,FALSE,Hospitality-Foam Bed Set,"Hospitality-Foam Bed Set by Mattress World. Official Ortho Sleep Range – All Ortho Sleep Range Mattresses are Orthopedic Design. Made stronger to help improve posture, better quality than average mattresses and keep their shape and feel for a longer period of time. Great quality and good for back support. collection.",active
mattress-world-hospitality-foam-bed-set,,,,Furniture > Beds & Accessories > Mattresses,,"Mattress World, Ortho Sleep Range – All Ortho Sleep Range Mattresses are Orthopedic Design. Made stronger to help improve posture, better quality than average mattresses and keep their shape and feel for a longer period of time. Great quality and good for back support.",TRUE,Size,King (183cm),Length,Standard (188cm),Configuration,Mattress Only,mattress-world-hospitality-foam-bed-set-10,50000,,100,continue,manual,6499,,TRUE,TRUE,,,,,FALSE,Hospitality-Foam Bed Set,"Hospitality-Foam Bed Set by Mattress World. Official Ortho Sleep Range – All Ortho Sleep Range Mattresses are Orthopedic Design. Made stronger to help improve posture, better quality than average mattresses and keep their shape and feel for a longer period of time. Great quality and good for back support. collection.",active
mattress-world-hospitality-foam-bed-set,,,,Furniture > Beds & Accessories > Mattresses,,"Mattress World, Ortho Sleep Range – All Ortho Sleep Range Mattresses are Orthopedic Design. Made stronger to help improve posture, better quality than average mattresses and keep their shape and feel for a longer period of time. Great quality and good for back support.",TRUE,Size,Single (91cm),Length,Extra Length (200cm),Configuration,Bed Set,mattress-world-hospitality-foam-bed-set-11,50000,,100,continue,manual,4799,,TRUE,TRUE,,,,,FALSE,Hospitality-Foam Bed Set,"Hospitality-Foam Bed Set by Mattress World. Official Ortho Sleep Range – All Ortho Sleep Range Mattresses are Orthopedic Design. Made stronger to help improve posture, better quality than average mattresses and keep their shape and feel for a longer period of time. Great quality and good for back support. collection.",active
mattress-world-hospitality-foam-bed-set,,,,Furniture > Beds & Accessories > Mattresses,,"Mattress World, Ortho Sleep Range – All Ortho Sleep Range Mattresses are Orthopedic Design. Made stronger to help improve posture, better quality than average mattresses and keep their shape and feel for a longer period of time. Great quality and good for back support.",TRUE,Size,Three Quarter (107cm),Length,Extra Length (200cm),Configuration,Bed Set,mattress-world-hospitality-foam-bed-set-12,50000,,100,continue,manual,5399,,TRUE,TRUE,,,,,FALSE,Hospitality-Foam Bed Set,"Hospitality-Foam Bed Set by Mattress World. Official Ortho Sleep Range – All Ortho Sleep Range Mattresses are Orthopedic Design. Made stronger to help improve posture, better quality than average mattresses and keep their shape and feel for a longer period of time. Great quality and good for back support. collection.",active
mattress-world-hospitality-foam-bed-set,,,,Furniture > Beds & Accessories > Mattresses,,"Mattress World, Ortho Sleep Range – All Ortho Sleep Range Mattresses are Orthopedic Design. Made stronger to help improve posture, better quality than average mattresses and keep their shape and feel for a longer period of time. Great quality and good for back support.",TRUE,Size,Double (137cm),Length,Extra Length (200cm),Configuration,Bed Set,mattress-world-hospitality-foam-bed-set-13,50000,,100,continue,manual,6599,,TRUE,TRUE,,,,,FALSE,Hospitality-Foam Bed Set,"Hospitality-Foam Bed Set by Mattress World. Official Ortho Sleep Range – All Ortho Sleep Range Mattresses are Orthopedic Design. Made stronger to help improve posture, better quality than average mattresses and keep their shape and feel for a longer period of time. Great quality and good for back support. collection.",active
mattress-world-hospitality-foam-bed-set,,,,Furniture > Beds & Accessories > Mattresses,,"Mattress World, Ortho Sleep Range – All Ortho Sleep Range Mattresses are Orthopedic Design. Made stronger to help improve posture, better quality than average mattresses and keep their shape and feel for a longer period of time. Great quality and good for back support.",TRUE,Size,Queen (152cm),Length,Extra Length (200cm),Configuration,Bed Set,mattress-world-hospitality-foam-bed-set-14,50000,,100,continue,manual,6599,,TRUE,TRUE,,,,,FALSE,Hospitality-Foam Bed Set,"Hospitality-Foam Bed Set by Mattress World. Official Ortho Sleep Range – All Ortho Sleep Range Mattresses are Orthopedic Design. Made stronger to help improve posture, better quality than average mattresses and keep their shape and feel for a longer period of time. Great quality and good for back support. collection.",active
mattress-world-hospitality-foam-bed-set,,,,Furniture > Beds & Accessories > Mattresses,,"Mattress World, Ortho Sleep Range – All Ortho Sleep Range Mattresses are Orthopedic Design. Made stronger to help improve posture, better quality than average mattresses and keep their shape and feel for a longer period of time. Great quality and good for back support.",TRUE,Size,King (183cm),Length,Extra Length (200cm),Configuration,Bed Set,mattress-world-hospitality-foam-bed-set-15,50000,,100,continue,manual,8999,,TRUE,TRUE,,,,,FALSE,Hospitality-Foam Bed Set,"Hospitality-Foam Bed Set by Mattress World. Official Ortho Sleep Range – All Ortho Sleep Range Mattresses are Orthopedic Design. Made stronger to help improve posture, better quality than average mattresses and keep their shape and feel for a longer period of time. Great quality and good for back support. collection.",active
mattress-world-hospitality-foam-bed-set,,,,Furniture > Beds & Accessories > Mattresses,,"Mattress World, Ortho Sleep Range – All Ortho Sleep Range Mattresses are Orthopedic Design. Made stronger to help improve posture, better quality than average mattresses and keep their shape and feel for a longer period of time. Great quality and good for back support.",TRUE,Size,Single (91cm),Length,Extra Length (200cm),Configuration,Mattress Only,mattress-world-hospitality-foam-bed-set-16,50000,,100,continue,manual,4199,,TRUE,TRUE,,,,,FALSE,Hospitality-Foam Bed Set,"Hospitality-Foam Bed Set by Mattress World. Official Ortho Sleep Range – All Ortho Sleep Range Mattresses are Orthopedic Design. Made stronger to help improve posture, better quality than average mattresses and keep their shape and feel for a longer period of time. Great quality and good for back support. collection.",active
mattress-world-hospitality-foam-bed-set,,,,Furniture > Beds & Accessories > Mattresses,,"Mattress World, Ortho Sleep Range – All Ortho Sleep Range Mattresses are Orthopedic Design. Made stronger to help improve posture, better quality than average mattresses and keep their shape and feel for a longer period of time. Great quality and good for back support.",TRUE,Size,Three Quarter (107cm),Length,Extra Length (200cm),Configuration,Mattress Only,mattress-world-hospitality-foam-bed-set-17,50000,,100,continue,manual,4799,,TRUE,TRUE,,,,,FALSE,Hospitality-Foam Bed Set,"Hospitality-Foam Bed Set by Mattress World. Official Ortho Sleep Range – All Ortho Sleep Range Mattresses are Orthopedic Design. Made stronger to help improve posture, better quality than average mattresses and keep their shape and feel for a longer period of time. Great quality and good for back support. collection.",active
mattress-world-hospitality-foam-bed-set,,,,Furniture > Beds & Accessories > Mattresses,,"Mattress World, Ortho Sleep Range – All Ortho Sleep Range Mattresses are Orthopedic Design. Made stronger to help improve posture, better quality than average mattresses and keep their shape and feel for a longer period of time. Great quality and good for back support.",TRUE,Size,Double (137cm),Length,Extra Length (200cm),Configuration,Mattress Only,mattress-world-hospitality-foam-bed-set-18,50000,,100,continue,manual,5999,,TRUE,TRUE,,,,,FALSE,Hospitality-Foam Bed Set,"Hospitality-Foam Bed Set by Mattress World. Official Ortho Sleep Range – All Ortho Sleep Range Mattresses are Orthopedic Design. Made stronger to help improve posture, better quality than average mattresses and keep their shape and feel for a longer period of time. Great quality and good for back support. collection.",active
mattress-world-hospitality-foam-bed-set,,,,Furniture > Beds & Accessories > Mattresses,,"Mattress World, Ortho Sleep Range – All Ortho Sleep Range Mattresses are Orthopedic Design. Made stronger to help improve posture, better quality than average mattresses and keep their shape and feel for a longer period of time. Great quality and good for back support.",TRUE,Size,Queen (152cm),Length,Extra Length (200cm),Configuration,Mattress Only,mattress-world-hospitality-foam-bed-set-19,50000,,100,continue,manual,5999,,TRUE,TRUE,,,,,FALSE,Hospitality-Foam Bed Set,"Hospitality-Foam Bed Set by Mattress World. Official Ortho Sleep Range – All Ortho Sleep Range Mattresses are Orthopedic Design. Made stronger to help improve posture, better quality than average mattresses and keep their shape and feel for a longer period of time. Great quality and good for back support. collection.",active
mattress-world-hospitality-foam-bed-set,,,,Furniture > Beds & Accessories > Mattresses,,"Mattress World, Ortho Sleep Range – All Ortho Sleep Range Mattresses are Orthopedic Design. Made stronger to help improve posture, better quality than average mattresses and keep their shape and feel for a longer period of time. Great quality and good for back support.",TRUE,Size,King (183cm),Length,Extra Length (200cm),Configuration,Mattress Only,mattress-world-hospitality-foam-bed-set-20,50000,,100,continue,manual,7799,,TRUE,TRUE,,,,,FALSE,Hospitality-Foam Bed Set,"Hospitality-Foam Bed Set by Mattress World. Official Ortho Sleep Range – All Ortho Sleep Range Mattresses are Orthopedic Design. Made stronger to help improve posture, better quality than average mattresses and keep their shape and feel for a longer period of time. Great quality and good for back support. collection.",active
mattress-world-hospitality-foam-comfort-130-bed-set,Hospitality-Foam Comfort 130 Bed Set,"<h3>Hospitality-Foam Comfort 130 Bed Set</h3>
<p><strong>Manufacturer:</strong> Mattress World<br/>
<strong>Range:</strong> Ortho Sleep Range – All Ortho Sleep Range Mattresses are Orthopedic Design. Made stronger to help improve posture, better quality than average mattresses and keep their shape and feel for a longer period of time. Great quality and good for back support.</p>
<h4>Features & Specs:</h4>
<ul>
  <li>Hospitality Grade Quality</li>
  <li>Heavy Duty Support Foam Core</li>
  <li>High Density, Luxury Feel Orthopedic Comfort Foam</li>
  <li>Turnable Design</li>
  <li>Multi Layered Foam</li>
  <li>130kg Per Person Per Side</li>
  <li>2 Year Guarantee</li>
  <li>15 Year Warranty</li>
</ul>
",Mattress World,Furniture > Beds & Accessories > Mattresses,Beds & Mattresses,"Mattress World, Ortho Sleep Range – All Ortho Sleep Range Mattresses are Orthopedic Design. Made stronger to help improve posture, better quality than average mattresses and keep their shape and feel for a longer period of time. Great quality and good for back support.",TRUE,Size,Single (91cm),Length,Standard (188cm),Configuration,Bed Set,mattress-world-hospitality-foam-comfort-130-bed-set-1,50000,,100,continue,manual,4999,,TRUE,TRUE,,https://wondrous-baklava-e13b07.netlify.app/assets/products/mattress_world_Hospitality-Pocket_Bed_set.jpg,1,Hospitality-Foam Comfort 130 Bed Set,FALSE,Hospitality-Foam Comfort 130 Bed Set,"Hospitality-Foam Comfort 130 Bed Set by Mattress World. Official Ortho Sleep Range – All Ortho Sleep Range Mattresses are Orthopedic Design. Made stronger to help improve posture, better quality than average mattresses and keep their shape and feel for a longer period of time. Great quality and good for back support. collection.",active
mattress-world-hospitality-foam-comfort-130-bed-set,,,,Furniture > Beds & Accessories > Mattresses,,"Mattress World, Ortho Sleep Range – All Ortho Sleep Range Mattresses are Orthopedic Design. Made stronger to help improve posture, better quality than average mattresses and keep their shape and feel for a longer period of time. Great quality and good for back support.",TRUE,Size,Three Quarter (107cm),Length,Standard (188cm),Configuration,Bed Set,mattress-world-hospitality-foam-comfort-130-bed-set-2,50000,,100,continue,manual,5499,,TRUE,TRUE,,,,,FALSE,Hospitality-Foam Comfort 130 Bed Set,"Hospitality-Foam Comfort 130 Bed Set by Mattress World. Official Ortho Sleep Range – All Ortho Sleep Range Mattresses are Orthopedic Design. Made stronger to help improve posture, better quality than average mattresses and keep their shape and feel for a longer period of time. Great quality and good for back support. collection.",active
mattress-world-hospitality-foam-comfort-130-bed-set,,,,Furniture > Beds & Accessories > Mattresses,,"Mattress World, Ortho Sleep Range – All Ortho Sleep Range Mattresses are Orthopedic Design. Made stronger to help improve posture, better quality than average mattresses and keep their shape and feel for a longer period of time. Great quality and good for back support.",TRUE,Size,Double (137cm),Length,Standard (188cm),Configuration,Bed Set,mattress-world-hospitality-foam-comfort-130-bed-set-3,50000,,100,continue,manual,7499,,TRUE,TRUE,,,,,FALSE,Hospitality-Foam Comfort 130 Bed Set,"Hospitality-Foam Comfort 130 Bed Set by Mattress World. Official Ortho Sleep Range – All Ortho Sleep Range Mattresses are Orthopedic Design. Made stronger to help improve posture, better quality than average mattresses and keep their shape and feel for a longer period of time. Great quality and good for back support. collection.",active
mattress-world-hospitality-foam-comfort-130-bed-set,,,,Furniture > Beds & Accessories > Mattresses,,"Mattress World, Ortho Sleep Range – All Ortho Sleep Range Mattresses are Orthopedic Design. Made stronger to help improve posture, better quality than average mattresses and keep their shape and feel for a longer period of time. Great quality and good for back support.",TRUE,Size,Queen (152cm),Length,Standard (188cm),Configuration,Bed Set,mattress-world-hospitality-foam-comfort-130-bed-set-4,50000,,100,continue,manual,7499,,TRUE,TRUE,,,,,FALSE,Hospitality-Foam Comfort 130 Bed Set,"Hospitality-Foam Comfort 130 Bed Set by Mattress World. Official Ortho Sleep Range – All Ortho Sleep Range Mattresses are Orthopedic Design. Made stronger to help improve posture, better quality than average mattresses and keep their shape and feel for a longer period of time. Great quality and good for back support. collection.",active
mattress-world-hospitality-foam-comfort-130-bed-set,,,,Furniture > Beds & Accessories > Mattresses,,"Mattress World, Ortho Sleep Range – All Ortho Sleep Range Mattresses are Orthopedic Design. Made stronger to help improve posture, better quality than average mattresses and keep their shape and feel for a longer period of time. Great quality and good for back support.",TRUE,Size,King (183cm),Length,Standard (188cm),Configuration,Bed Set,mattress-world-hospitality-foam-comfort-130-bed-set-5,50000,,100,continue,manual,9499,,TRUE,TRUE,,,,,FALSE,Hospitality-Foam Comfort 130 Bed Set,"Hospitality-Foam Comfort 130 Bed Set by Mattress World. Official Ortho Sleep Range – All Ortho Sleep Range Mattresses are Orthopedic Design. Made stronger to help improve posture, better quality than average mattresses and keep their shape and feel for a longer period of time. Great quality and good for back support. collection.",active
mattress-world-hospitality-foam-comfort-130-bed-set,,,,Furniture > Beds & Accessories > Mattresses,,"Mattress World, Ortho Sleep Range – All Ortho Sleep Range Mattresses are Orthopedic Design. Made stronger to help improve posture, better quality than average mattresses and keep their shape and feel for a longer period of time. Great quality and good for back support.",TRUE,Size,Single (91cm),Length,Standard (188cm),Configuration,Mattress Only,mattress-world-hospitality-foam-comfort-130-bed-set-6,50000,,100,continue,manual,4499,,TRUE,TRUE,,,,,FALSE,Hospitality-Foam Comfort 130 Bed Set,"Hospitality-Foam Comfort 130 Bed Set by Mattress World. Official Ortho Sleep Range – All Ortho Sleep Range Mattresses are Orthopedic Design. Made stronger to help improve posture, better quality than average mattresses and keep their shape and feel for a longer period of time. Great quality and good for back support. collection.",active
mattress-world-hospitality-foam-comfort-130-bed-set,,,,Furniture > Beds & Accessories > Mattresses,,"Mattress World, Ortho Sleep Range – All Ortho Sleep Range Mattresses are Orthopedic Design. Made stronger to help improve posture, better quality than average mattresses and keep their shape and feel for a longer period of time. Great quality and good for back support.",TRUE,Size,Three Quarter (107cm),Length,Standard (188cm),Configuration,Mattress Only,mattress-world-hospitality-foam-comfort-130-bed-set-7,50000,,100,continue,manual,4999,,TRUE,TRUE,,,,,FALSE,Hospitality-Foam Comfort 130 Bed Set,"Hospitality-Foam Comfort 130 Bed Set by Mattress World. Official Ortho Sleep Range – All Ortho Sleep Range Mattresses are Orthopedic Design. Made stronger to help improve posture, better quality than average mattresses and keep their shape and feel for a longer period of time. Great quality and good for back support. collection.",active
mattress-world-hospitality-foam-comfort-130-bed-set,,,,Furniture > Beds & Accessories > Mattresses,,"Mattress World, Ortho Sleep Range – All Ortho Sleep Range Mattresses are Orthopedic Design. Made stronger to help improve posture, better quality than average mattresses and keep their shape and feel for a longer period of time. Great quality and good for back support.",TRUE,Size,Double (137cm),Length,Standard (188cm),Configuration,Mattress Only,mattress-world-hospitality-foam-comfort-130-bed-set-8,50000,,100,continue,manual,6999,,TRUE,TRUE,,,,,FALSE,Hospitality-Foam Comfort 130 Bed Set,"Hospitality-Foam Comfort 130 Bed Set by Mattress World. Official Ortho Sleep Range – All Ortho Sleep Range Mattresses are Orthopedic Design. Made stronger to help improve posture, better quality than average mattresses and keep their shape and feel for a longer period of time. Great quality and good for back support. collection.",active
mattress-world-hospitality-foam-comfort-130-bed-set,,,,Furniture > Beds & Accessories > Mattresses,,"Mattress World, Ortho Sleep Range – All Ortho Sleep Range Mattresses are Orthopedic Design. Made stronger to help improve posture, better quality than average mattresses and keep their shape and feel for a longer period of time. Great quality and good for back support.",TRUE,Size,Queen (152cm),Length,Standard (188cm),Configuration,Mattress Only,mattress-world-hospitality-foam-comfort-130-bed-set-9,50000,,100,continue,manual,6999,,TRUE,TRUE,,,,,FALSE,Hospitality-Foam Comfort 130 Bed Set,"Hospitality-Foam Comfort 130 Bed Set by Mattress World. Official Ortho Sleep Range – All Ortho Sleep Range Mattresses are Orthopedic Design. Made stronger to help improve posture, better quality than average mattresses and keep their shape and feel for a longer period of time. Great quality and good for back support. collection.",active
mattress-world-hospitality-foam-comfort-130-bed-set,,,,Furniture > Beds & Accessories > Mattresses,,"Mattress World, Ortho Sleep Range – All Ortho Sleep Range Mattresses are Orthopedic Design. Made stronger to help improve posture, better quality than average mattresses and keep their shape and feel for a longer period of time. Great quality and good for back support.",TRUE,Size,King (183cm),Length,Standard (188cm),Configuration,Mattress Only,mattress-world-hospitality-foam-comfort-130-bed-set-10,50000,,100,continue,manual,8499,,TRUE,TRUE,,,,,FALSE,Hospitality-Foam Comfort 130 Bed Set,"Hospitality-Foam Comfort 130 Bed Set by Mattress World. Official Ortho Sleep Range – All Ortho Sleep Range Mattresses are Orthopedic Design. Made stronger to help improve posture, better quality than average mattresses and keep their shape and feel for a longer period of time. Great quality and good for back support. collection.",active
mattress-world-hospitality-foam-comfort-130-bed-set,,,,Furniture > Beds & Accessories > Mattresses,,"Mattress World, Ortho Sleep Range – All Ortho Sleep Range Mattresses are Orthopedic Design. Made stronger to help improve posture, better quality than average mattresses and keep their shape and feel for a longer period of time. Great quality and good for back support.",TRUE,Size,Single (91cm),Length,Extra Length (200cm),Configuration,Bed Set,mattress-world-hospitality-foam-comfort-130-bed-set-11,50000,,100,continue,manual,5999,,TRUE,TRUE,,,,,FALSE,Hospitality-Foam Comfort 130 Bed Set,"Hospitality-Foam Comfort 130 Bed Set by Mattress World. Official Ortho Sleep Range – All Ortho Sleep Range Mattresses are Orthopedic Design. Made stronger to help improve posture, better quality than average mattresses and keep their shape and feel for a longer period of time. Great quality and good for back support. collection.",active
mattress-world-hospitality-foam-comfort-130-bed-set,,,,Furniture > Beds & Accessories > Mattresses,,"Mattress World, Ortho Sleep Range – All Ortho Sleep Range Mattresses are Orthopedic Design. Made stronger to help improve posture, better quality than average mattresses and keep their shape and feel for a longer period of time. Great quality and good for back support.",TRUE,Size,Three Quarter (107cm),Length,Extra Length (200cm),Configuration,Bed Set,mattress-world-hospitality-foam-comfort-130-bed-set-12,50000,,100,continue,manual,6599,,TRUE,TRUE,,,,,FALSE,Hospitality-Foam Comfort 130 Bed Set,"Hospitality-Foam Comfort 130 Bed Set by Mattress World. Official Ortho Sleep Range – All Ortho Sleep Range Mattresses are Orthopedic Design. Made stronger to help improve posture, better quality than average mattresses and keep their shape and feel for a longer period of time. Great quality and good for back support. collection.",active
mattress-world-hospitality-foam-comfort-130-bed-set,,,,Furniture > Beds & Accessories > Mattresses,,"Mattress World, Ortho Sleep Range – All Ortho Sleep Range Mattresses are Orthopedic Design. Made stronger to help improve posture, better quality than average mattresses and keep their shape and feel for a longer period of time. Great quality and good for back support.",TRUE,Size,Double (137cm),Length,Extra Length (200cm),Configuration,Bed Set,mattress-world-hospitality-foam-comfort-130-bed-set-13,50000,,100,continue,manual,8999,,TRUE,TRUE,,,,,FALSE,Hospitality-Foam Comfort 130 Bed Set,"Hospitality-Foam Comfort 130 Bed Set by Mattress World. Official Ortho Sleep Range – All Ortho Sleep Range Mattresses are Orthopedic Design. Made stronger to help improve posture, better quality than average mattresses and keep their shape and feel for a longer period of time. Great quality and good for back support. collection.",active
mattress-world-hospitality-foam-comfort-130-bed-set,,,,Furniture > Beds & Accessories > Mattresses,,"Mattress World, Ortho Sleep Range – All Ortho Sleep Range Mattresses are Orthopedic Design. Made stronger to help improve posture, better quality than average mattresses and keep their shape and feel for a longer period of time. Great quality and good for back support.",TRUE,Size,Queen (152cm),Length,Extra Length (200cm),Configuration,Bed Set,mattress-world-hospitality-foam-comfort-130-bed-set-14,50000,,100,continue,manual,8999,,TRUE,TRUE,,,,,FALSE,Hospitality-Foam Comfort 130 Bed Set,"Hospitality-Foam Comfort 130 Bed Set by Mattress World. Official Ortho Sleep Range – All Ortho Sleep Range Mattresses are Orthopedic Design. Made stronger to help improve posture, better quality than average mattresses and keep their shape and feel for a longer period of time. Great quality and good for back support. collection.",active
mattress-world-hospitality-foam-comfort-130-bed-set,,,,Furniture > Beds & Accessories > Mattresses,,"Mattress World, Ortho Sleep Range – All Ortho Sleep Range Mattresses are Orthopedic Design. Made stronger to help improve posture, better quality than average mattresses and keep their shape and feel for a longer period of time. Great quality and good for back support.",TRUE,Size,King (183cm),Length,Extra Length (200cm),Configuration,Bed Set,mattress-world-hospitality-foam-comfort-130-bed-set-15,50000,,100,continue,manual,11399,,TRUE,TRUE,,,,,FALSE,Hospitality-Foam Comfort 130 Bed Set,"Hospitality-Foam Comfort 130 Bed Set by Mattress World. Official Ortho Sleep Range – All Ortho Sleep Range Mattresses are Orthopedic Design. Made stronger to help improve posture, better quality than average mattresses and keep their shape and feel for a longer period of time. Great quality and good for back support. collection.",active
mattress-world-hospitality-foam-comfort-130-bed-set,,,,Furniture > Beds & Accessories > Mattresses,,"Mattress World, Ortho Sleep Range – All Ortho Sleep Range Mattresses are Orthopedic Design. Made stronger to help improve posture, better quality than average mattresses and keep their shape and feel for a longer period of time. Great quality and good for back support.",TRUE,Size,Single (91cm),Length,Extra Length (200cm),Configuration,Mattress Only,mattress-world-hospitality-foam-comfort-130-bed-set-16,50000,,100,continue,manual,5399,,TRUE,TRUE,,,,,FALSE,Hospitality-Foam Comfort 130 Bed Set,"Hospitality-Foam Comfort 130 Bed Set by Mattress World. Official Ortho Sleep Range – All Ortho Sleep Range Mattresses are Orthopedic Design. Made stronger to help improve posture, better quality than average mattresses and keep their shape and feel for a longer period of time. Great quality and good for back support. collection.",active
mattress-world-hospitality-foam-comfort-130-bed-set,,,,Furniture > Beds & Accessories > Mattresses,,"Mattress World, Ortho Sleep Range – All Ortho Sleep Range Mattresses are Orthopedic Design. Made stronger to help improve posture, better quality than average mattresses and keep their shape and feel for a longer period of time. Great quality and good for back support.",TRUE,Size,Three Quarter (107cm),Length,Extra Length (200cm),Configuration,Mattress Only,mattress-world-hospitality-foam-comfort-130-bed-set-17,50000,,100,continue,manual,5999,,TRUE,TRUE,,,,,FALSE,Hospitality-Foam Comfort 130 Bed Set,"Hospitality-Foam Comfort 130 Bed Set by Mattress World. Official Ortho Sleep Range – All Ortho Sleep Range Mattresses are Orthopedic Design. Made stronger to help improve posture, better quality than average mattresses and keep their shape and feel for a longer period of time. Great quality and good for back support. collection.",active
mattress-world-hospitality-foam-comfort-130-bed-set,,,,Furniture > Beds & Accessories > Mattresses,,"Mattress World, Ortho Sleep Range – All Ortho Sleep Range Mattresses are Orthopedic Design. Made stronger to help improve posture, better quality than average mattresses and keep their shape and feel for a longer period of time. Great quality and good for back support.",TRUE,Size,Double (137cm),Length,Extra Length (200cm),Configuration,Mattress Only,mattress-world-hospitality-foam-comfort-130-bed-set-18,50000,,100,continue,manual,8399,,TRUE,TRUE,,,,,FALSE,Hospitality-Foam Comfort 130 Bed Set,"Hospitality-Foam Comfort 130 Bed Set by Mattress World. Official Ortho Sleep Range – All Ortho Sleep Range Mattresses are Orthopedic Design. Made stronger to help improve posture, better quality than average mattresses and keep their shape and feel for a longer period of time. Great quality and good for back support. collection.",active
mattress-world-hospitality-foam-comfort-130-bed-set,,,,Furniture > Beds & Accessories > Mattresses,,"Mattress World, Ortho Sleep Range – All Ortho Sleep Range Mattresses are Orthopedic Design. Made stronger to help improve posture, better quality than average mattresses and keep their shape and feel for a longer period of time. Great quality and good for back support.",TRUE,Size,Queen (152cm),Length,Extra Length (200cm),Configuration,Mattress Only,mattress-world-hospitality-foam-comfort-130-bed-set-19,50000,,100,continue,manual,8399,,TRUE,TRUE,,,,,FALSE,Hospitality-Foam Comfort 130 Bed Set,"Hospitality-Foam Comfort 130 Bed Set by Mattress World. Official Ortho Sleep Range – All Ortho Sleep Range Mattresses are Orthopedic Design. Made stronger to help improve posture, better quality than average mattresses and keep their shape and feel for a longer period of time. Great quality and good for back support. collection.",active
mattress-world-hospitality-foam-comfort-130-bed-set,,,,Furniture > Beds & Accessories > Mattresses,,"Mattress World, Ortho Sleep Range – All Ortho Sleep Range Mattresses are Orthopedic Design. Made stronger to help improve posture, better quality than average mattresses and keep their shape and feel for a longer period of time. Great quality and good for back support.",TRUE,Size,King (183cm),Length,Extra Length (200cm),Configuration,Mattress Only,mattress-world-hospitality-foam-comfort-130-bed-set-20,50000,,100,continue,manual,10199,,TRUE,TRUE,,,,,FALSE,Hospitality-Foam Comfort 130 Bed Set,"Hospitality-Foam Comfort 130 Bed Set by Mattress World. Official Ortho Sleep Range – All Ortho Sleep Range Mattresses are Orthopedic Design. Made stronger to help improve posture, better quality than average mattresses and keep their shape and feel for a longer period of time. Great quality and good for back support. collection.",active
mattress-world-hospitality-pocket-comfort-130-bed-set,Hospitality-Pocket Comfort 130 Bed Set,"<h3>Hospitality-Pocket Comfort 130 Bed Set</h3>
<p><strong>Manufacturer:</strong> Mattress World<br/>
<strong>Range:</strong> Ortho Sleep Range – All Ortho Sleep Range Mattresses are Orthopedic Design. Made stronger to help improve posture, better quality than average mattresses and keep their shape and feel for a longer period of time. Great quality and good for back support.</p>
<h4>Features & Specs:</h4>
<ul>
  <li>Hospitality Grade Quality</li>
  <li>Heavy Duty Pocket Spring</li>
  <li>High Density Orthopedic Comfort Foam</li>
  <li>Turnable Design</li>
  <li>130kg Per Person Per Side</li>
  <li>2 Year Guarantee</li>
  <li>15 Year Warranty</li>
  <li>Medium Firm Feel</li>
</ul>
",Mattress World,Furniture > Beds & Accessories > Mattresses,Beds & Mattresses,"Mattress World, Ortho Sleep Range – All Ortho Sleep Range Mattresses are Orthopedic Design. Made stronger to help improve posture, better quality than average mattresses and keep their shape and feel for a longer period of time. Great quality and good for back support.",TRUE,Size,Single (91cm),Length,Standard (188cm),Configuration,Bed Set,mattress-world-hospitality-pocket-comfort-130-bed-set-1,50000,,100,continue,manual,5999,,TRUE,TRUE,,https://wondrous-baklava-e13b07.netlify.app/assets/products/mattress_world_Hospitality-Pocket_Bed_set.jpg,1,Hospitality-Pocket Comfort 130 Bed Set,FALSE,Hospitality-Pocket Comfort 130 Bed Set,"Hospitality-Pocket Comfort 130 Bed Set by Mattress World. Official Ortho Sleep Range – All Ortho Sleep Range Mattresses are Orthopedic Design. Made stronger to help improve posture, better quality than average mattresses and keep their shape and feel for a longer period of time. Great quality and good for back support. collection.",active
mattress-world-hospitality-pocket-comfort-130-bed-set,,,,Furniture > Beds & Accessories > Mattresses,,"Mattress World, Ortho Sleep Range – All Ortho Sleep Range Mattresses are Orthopedic Design. Made stronger to help improve posture, better quality than average mattresses and keep their shape and feel for a longer period of time. Great quality and good for back support.",TRUE,Size,Three Quarter (107cm),Length,Standard (188cm),Configuration,Bed Set,mattress-world-hospitality-pocket-comfort-130-bed-set-2,50000,,100,continue,manual,6999,,TRUE,TRUE,,,,,FALSE,Hospitality-Pocket Comfort 130 Bed Set,"Hospitality-Pocket Comfort 130 Bed Set by Mattress World. Official Ortho Sleep Range – All Ortho Sleep Range Mattresses are Orthopedic Design. Made stronger to help improve posture, better quality than average mattresses and keep their shape and feel for a longer period of time. Great quality and good for back support. collection.",active
mattress-world-hospitality-pocket-comfort-130-bed-set,,,,Furniture > Beds & Accessories > Mattresses,,"Mattress World, Ortho Sleep Range – All Ortho Sleep Range Mattresses are Orthopedic Design. Made stronger to help improve posture, better quality than average mattresses and keep their shape and feel for a longer period of time. Great quality and good for back support.",TRUE,Size,Double (137cm),Length,Standard (188cm),Configuration,Bed Set,mattress-world-hospitality-pocket-comfort-130-bed-set-3,50000,,100,continue,manual,8999,,TRUE,TRUE,,,,,FALSE,Hospitality-Pocket Comfort 130 Bed Set,"Hospitality-Pocket Comfort 130 Bed Set by Mattress World. Official Ortho Sleep Range – All Ortho Sleep Range Mattresses are Orthopedic Design. Made stronger to help improve posture, better quality than average mattresses and keep their shape and feel for a longer period of time. Great quality and good for back support. collection.",active
mattress-world-hospitality-pocket-comfort-130-bed-set,,,,Furniture > Beds & Accessories > Mattresses,,"Mattress World, Ortho Sleep Range – All Ortho Sleep Range Mattresses are Orthopedic Design. Made stronger to help improve posture, better quality than average mattresses and keep their shape and feel for a longer period of time. Great quality and good for back support.",TRUE,Size,Queen (152cm),Length,Standard (188cm),Configuration,Bed Set,mattress-world-hospitality-pocket-comfort-130-bed-set-4,50000,,100,continue,manual,8999,,TRUE,TRUE,,,,,FALSE,Hospitality-Pocket Comfort 130 Bed Set,"Hospitality-Pocket Comfort 130 Bed Set by Mattress World. Official Ortho Sleep Range – All Ortho Sleep Range Mattresses are Orthopedic Design. Made stronger to help improve posture, better quality than average mattresses and keep their shape and feel for a longer period of time. Great quality and good for back support. collection.",active
mattress-world-hospitality-pocket-comfort-130-bed-set,,,,Furniture > Beds & Accessories > Mattresses,,"Mattress World, Ortho Sleep Range – All Ortho Sleep Range Mattresses are Orthopedic Design. Made stronger to help improve posture, better quality than average mattresses and keep their shape and feel for a longer period of time. Great quality and good for back support.",TRUE,Size,King (183cm),Length,Standard (188cm),Configuration,Bed Set,mattress-world-hospitality-pocket-comfort-130-bed-set-5,50000,,100,continue,manual,10999,,TRUE,TRUE,,,,,FALSE,Hospitality-Pocket Comfort 130 Bed Set,"Hospitality-Pocket Comfort 130 Bed Set by Mattress World. Official Ortho Sleep Range – All Ortho Sleep Range Mattresses are Orthopedic Design. Made stronger to help improve posture, better quality than average mattresses and keep their shape and feel for a longer period of time. Great quality and good for back support. collection.",active
mattress-world-hospitality-pocket-comfort-130-bed-set,,,,Furniture > Beds & Accessories > Mattresses,,"Mattress World, Ortho Sleep Range – All Ortho Sleep Range Mattresses are Orthopedic Design. Made stronger to help improve posture, better quality than average mattresses and keep their shape and feel for a longer period of time. Great quality and good for back support.",TRUE,Size,Single (91cm),Length,Standard (188cm),Configuration,Mattress Only,mattress-world-hospitality-pocket-comfort-130-bed-set-6,50000,,100,continue,manual,5499,,TRUE,TRUE,,,,,FALSE,Hospitality-Pocket Comfort 130 Bed Set,"Hospitality-Pocket Comfort 130 Bed Set by Mattress World. Official Ortho Sleep Range – All Ortho Sleep Range Mattresses are Orthopedic Design. Made stronger to help improve posture, better quality than average mattresses and keep their shape and feel for a longer period of time. Great quality and good for back support. collection.",active
mattress-world-hospitality-pocket-comfort-130-bed-set,,,,Furniture > Beds & Accessories > Mattresses,,"Mattress World, Ortho Sleep Range – All Ortho Sleep Range Mattresses are Orthopedic Design. Made stronger to help improve posture, better quality than average mattresses and keep their shape and feel for a longer period of time. Great quality and good for back support.",TRUE,Size,Three Quarter (107cm),Length,Standard (188cm),Configuration,Mattress Only,mattress-world-hospitality-pocket-comfort-130-bed-set-7,50000,,100,continue,manual,5999,,TRUE,TRUE,,,,,FALSE,Hospitality-Pocket Comfort 130 Bed Set,"Hospitality-Pocket Comfort 130 Bed Set by Mattress World. Official Ortho Sleep Range – All Ortho Sleep Range Mattresses are Orthopedic Design. Made stronger to help improve posture, better quality than average mattresses and keep their shape and feel for a longer period of time. Great quality and good for back support. collection.",active
mattress-world-hospitality-pocket-comfort-130-bed-set,,,,Furniture > Beds & Accessories > Mattresses,,"Mattress World, Ortho Sleep Range – All Ortho Sleep Range Mattresses are Orthopedic Design. Made stronger to help improve posture, better quality than average mattresses and keep their shape and feel for a longer period of time. Great quality and good for back support.",TRUE,Size,Double (137cm),Length,Standard (188cm),Configuration,Mattress Only,mattress-world-hospitality-pocket-comfort-130-bed-set-8,50000,,100,continue,manual,8499,,TRUE,TRUE,,,,,FALSE,Hospitality-Pocket Comfort 130 Bed Set,"Hospitality-Pocket Comfort 130 Bed Set by Mattress World. Official Ortho Sleep Range – All Ortho Sleep Range Mattresses are Orthopedic Design. Made stronger to help improve posture, better quality than average mattresses and keep their shape and feel for a longer period of time. Great quality and good for back support. collection.",active
mattress-world-hospitality-pocket-comfort-130-bed-set,,,,Furniture > Beds & Accessories > Mattresses,,"Mattress World, Ortho Sleep Range – All Ortho Sleep Range Mattresses are Orthopedic Design. Made stronger to help improve posture, better quality than average mattresses and keep their shape and feel for a longer period of time. Great quality and good for back support.",TRUE,Size,Queen (152cm),Length,Standard (188cm),Configuration,Mattress Only,mattress-world-hospitality-pocket-comfort-130-bed-set-9,50000,,100,continue,manual,8499,,TRUE,TRUE,,,,,FALSE,Hospitality-Pocket Comfort 130 Bed Set,"Hospitality-Pocket Comfort 130 Bed Set by Mattress World. Official Ortho Sleep Range – All Ortho Sleep Range Mattresses are Orthopedic Design. Made stronger to help improve posture, better quality than average mattresses and keep their shape and feel for a longer period of time. Great quality and good for back support. collection.",active
mattress-world-hospitality-pocket-comfort-130-bed-set,,,,Furniture > Beds & Accessories > Mattresses,,"Mattress World, Ortho Sleep Range – All Ortho Sleep Range Mattresses are Orthopedic Design. Made stronger to help improve posture, better quality than average mattresses and keep their shape and feel for a longer period of time. Great quality and good for back support.",TRUE,Size,King (183cm),Length,Standard (188cm),Configuration,Mattress Only,mattress-world-hospitality-pocket-comfort-130-bed-set-10,50000,,100,continue,manual,9999,,TRUE,TRUE,,,,,FALSE,Hospitality-Pocket Comfort 130 Bed Set,"Hospitality-Pocket Comfort 130 Bed Set by Mattress World. Official Ortho Sleep Range – All Ortho Sleep Range Mattresses are Orthopedic Design. Made stronger to help improve posture, better quality than average mattresses and keep their shape and feel for a longer period of time. Great quality and good for back support. collection.",active
mattress-world-hospitality-pocket-comfort-130-bed-set,,,,Furniture > Beds & Accessories > Mattresses,,"Mattress World, Ortho Sleep Range – All Ortho Sleep Range Mattresses are Orthopedic Design. Made stronger to help improve posture, better quality than average mattresses and keep their shape and feel for a longer period of time. Great quality and good for back support.",TRUE,Size,Single (91cm),Length,Extra Length (200cm),Configuration,Bed Set,mattress-world-hospitality-pocket-comfort-130-bed-set-11,50000,,100,continue,manual,7199,,TRUE,TRUE,,,,,FALSE,Hospitality-Pocket Comfort 130 Bed Set,"Hospitality-Pocket Comfort 130 Bed Set by Mattress World. Official Ortho Sleep Range – All Ortho Sleep Range Mattresses are Orthopedic Design. Made stronger to help improve posture, better quality than average mattresses and keep their shape and feel for a longer period of time. Great quality and good for back support. collection.",active
mattress-world-hospitality-pocket-comfort-130-bed-set,,,,Furniture > Beds & Accessories > Mattresses,,"Mattress World, Ortho Sleep Range – All Ortho Sleep Range Mattresses are Orthopedic Design. Made stronger to help improve posture, better quality than average mattresses and keep their shape and feel for a longer period of time. Great quality and good for back support.",TRUE,Size,Three Quarter (107cm),Length,Extra Length (200cm),Configuration,Bed Set,mattress-world-hospitality-pocket-comfort-130-bed-set-12,50000,,100,continue,manual,8399,,TRUE,TRUE,,,,,FALSE,Hospitality-Pocket Comfort 130 Bed Set,"Hospitality-Pocket Comfort 130 Bed Set by Mattress World. Official Ortho Sleep Range – All Ortho Sleep Range Mattresses are Orthopedic Design. Made stronger to help improve posture, better quality than average mattresses and keep their shape and feel for a longer period of time. Great quality and good for back support. collection.",active
mattress-world-hospitality-pocket-comfort-130-bed-set,,,,Furniture > Beds & Accessories > Mattresses,,"Mattress World, Ortho Sleep Range – All Ortho Sleep Range Mattresses are Orthopedic Design. Made stronger to help improve posture, better quality than average mattresses and keep their shape and feel for a longer period of time. Great quality and good for back support.",TRUE,Size,Double (137cm),Length,Extra Length (200cm),Configuration,Bed Set,mattress-world-hospitality-pocket-comfort-130-bed-set-13,50000,,100,continue,manual,10799,,TRUE,TRUE,,,,,FALSE,Hospitality-Pocket Comfort 130 Bed Set,"Hospitality-Pocket Comfort 130 Bed Set by Mattress World. Official Ortho Sleep Range – All Ortho Sleep Range Mattresses are Orthopedic Design. Made stronger to help improve posture, better quality than average mattresses and keep their shape and feel for a longer period of time. Great quality and good for back support. collection.",active
mattress-world-hospitality-pocket-comfort-130-bed-set,,,,Furniture > Beds & Accessories > Mattresses,,"Mattress World, Ortho Sleep Range – All Ortho Sleep Range Mattresses are Orthopedic Design. Made stronger to help improve posture, better quality than average mattresses and keep their shape and feel for a longer period of time. Great quality and good for back support.",TRUE,Size,Queen (152cm),Length,Extra Length (200cm),Configuration,Bed Set,mattress-world-hospitality-pocket-comfort-130-bed-set-14,50000,,100,continue,manual,10799,,TRUE,TRUE,,,,,FALSE,Hospitality-Pocket Comfort 130 Bed Set,"Hospitality-Pocket Comfort 130 Bed Set by Mattress World. Official Ortho Sleep Range – All Ortho Sleep Range Mattresses are Orthopedic Design. Made stronger to help improve posture, better quality than average mattresses and keep their shape and feel for a longer period of time. Great quality and good for back support. collection.",active
mattress-world-hospitality-pocket-comfort-130-bed-set,,,,Furniture > Beds & Accessories > Mattresses,,"Mattress World, Ortho Sleep Range – All Ortho Sleep Range Mattresses are Orthopedic Design. Made stronger to help improve posture, better quality than average mattresses and keep their shape and feel for a longer period of time. Great quality and good for back support.",TRUE,Size,King (183cm),Length,Extra Length (200cm),Configuration,Bed Set,mattress-world-hospitality-pocket-comfort-130-bed-set-15,50000,,100,continue,manual,13199,,TRUE,TRUE,,,,,FALSE,Hospitality-Pocket Comfort 130 Bed Set,"Hospitality-Pocket Comfort 130 Bed Set by Mattress World. Official Ortho Sleep Range – All Ortho Sleep Range Mattresses are Orthopedic Design. Made stronger to help improve posture, better quality than average mattresses and keep their shape and feel for a longer period of time. Great quality and good for back support. collection.",active
mattress-world-hospitality-pocket-comfort-130-bed-set,,,,Furniture > Beds & Accessories > Mattresses,,"Mattress World, Ortho Sleep Range – All Ortho Sleep Range Mattresses are Orthopedic Design. Made stronger to help improve posture, better quality than average mattresses and keep their shape and feel for a longer period of time. Great quality and good for back support.",TRUE,Size,Single (91cm),Length,Extra Length (200cm),Configuration,Mattress Only,mattress-world-hospitality-pocket-comfort-130-bed-set-16,50000,,100,continue,manual,6599,,TRUE,TRUE,,,,,FALSE,Hospitality-Pocket Comfort 130 Bed Set,"Hospitality-Pocket Comfort 130 Bed Set by Mattress World. Official Ortho Sleep Range – All Ortho Sleep Range Mattresses are Orthopedic Design. Made stronger to help improve posture, better quality than average mattresses and keep their shape and feel for a longer period of time. Great quality and good for back support. collection.",active
mattress-world-hospitality-pocket-comfort-130-bed-set,,,,Furniture > Beds & Accessories > Mattresses,,"Mattress World, Ortho Sleep Range – All Ortho Sleep Range Mattresses are Orthopedic Design. Made stronger to help improve posture, better quality than average mattresses and keep their shape and feel for a longer period of time. Great quality and good for back support.",TRUE,Size,Three Quarter (107cm),Length,Extra Length (200cm),Configuration,Mattress Only,mattress-world-hospitality-pocket-comfort-130-bed-set-17,50000,,100,continue,manual,7199,,TRUE,TRUE,,,,,FALSE,Hospitality-Pocket Comfort 130 Bed Set,"Hospitality-Pocket Comfort 130 Bed Set by Mattress World. Official Ortho Sleep Range – All Ortho Sleep Range Mattresses are Orthopedic Design. Made stronger to help improve posture, better quality than average mattresses and keep their shape and feel for a longer period of time. Great quality and good for back support. collection.",active
mattress-world-hospitality-pocket-comfort-130-bed-set,,,,Furniture > Beds & Accessories > Mattresses,,"Mattress World, Ortho Sleep Range – All Ortho Sleep Range Mattresses are Orthopedic Design. Made stronger to help improve posture, better quality than average mattresses and keep their shape and feel for a longer period of time. Great quality and good for back support.",TRUE,Size,Double (137cm),Length,Extra Length (200cm),Configuration,Mattress Only,mattress-world-hospitality-pocket-comfort-130-bed-set-18,50000,,100,continue,manual,10199,,TRUE,TRUE,,,,,FALSE,Hospitality-Pocket Comfort 130 Bed Set,"Hospitality-Pocket Comfort 130 Bed Set by Mattress World. Official Ortho Sleep Range – All Ortho Sleep Range Mattresses are Orthopedic Design. Made stronger to help improve posture, better quality than average mattresses and keep their shape and feel for a longer period of time. Great quality and good for back support. collection.",active
mattress-world-hospitality-pocket-comfort-130-bed-set,,,,Furniture > Beds & Accessories > Mattresses,,"Mattress World, Ortho Sleep Range – All Ortho Sleep Range Mattresses are Orthopedic Design. Made stronger to help improve posture, better quality than average mattresses and keep their shape and feel for a longer period of time. Great quality and good for back support.",TRUE,Size,Queen (152cm),Length,Extra Length (200cm),Configuration,Mattress Only,mattress-world-hospitality-pocket-comfort-130-bed-set-19,50000,,100,continue,manual,10199,,TRUE,TRUE,,,,,FALSE,Hospitality-Pocket Comfort 130 Bed Set,"Hospitality-Pocket Comfort 130 Bed Set by Mattress World. Official Ortho Sleep Range – All Ortho Sleep Range Mattresses are Orthopedic Design. Made stronger to help improve posture, better quality than average mattresses and keep their shape and feel for a longer period of time. Great quality and good for back support. collection.",active
mattress-world-hospitality-pocket-comfort-130-bed-set,,,,Furniture > Beds & Accessories > Mattresses,,"Mattress World, Ortho Sleep Range – All Ortho Sleep Range Mattresses are Orthopedic Design. Made stronger to help improve posture, better quality than average mattresses and keep their shape and feel for a longer period of time. Great quality and good for back support.",TRUE,Size,King (183cm),Length,Extra Length (200cm),Configuration,Mattress Only,mattress-world-hospitality-pocket-comfort-130-bed-set-20,50000,,100,continue,manual,11999,,TRUE,TRUE,,,,,FALSE,Hospitality-Pocket Comfort 130 Bed Set,"Hospitality-Pocket Comfort 130 Bed Set by Mattress World. Official Ortho Sleep Range – All Ortho Sleep Range Mattresses are Orthopedic Design. Made stronger to help improve posture, better quality than average mattresses and keep their shape and feel for a longer period of time. Great quality and good for back support. collection.",active
mattress-world-hospitality---pocket-firm-150-bed-set,Hospitality - Pocket Firm 150 Bed Set,"<h3>Hospitality - Pocket Firm 150 Bed Set</h3>
<p><strong>Manufacturer:</strong> Mattress World<br/>
<strong>Range:</strong> Ortho Sleep Range – All Ortho Sleep Range Mattresses are Orthopedic Design. Made stronger to help improve posture, better quality than average mattress es and keep their shape and feel for a longer period of time. Great quality and good for back support.</p>
<h4>Features & Specs:</h4>
<ul>
  <li>Hospitality Grade Quality</li>
  <li>Heavy Duty Pocket Spring</li>
  <li>High Density , Firm Feel Orthopedic Comfort F oam</li>
  <li>Turn able Design</li>
  <li>1 50 kg Per Person Per Side</li>
  <li>2 Year Guarantee</li>
  <li>15 Year Warranty</li>
  <li>Firm Feel</li>
</ul>
",Mattress World,Furniture > Beds & Accessories > Mattresses,Beds & Mattresses,"Mattress World, Ortho Sleep Range – All Ortho Sleep Range Mattresses are Orthopedic Design. Made stronger to help improve posture, better quality than average mattress es and keep their shape and feel for a longer period of time. Great quality and good for back support.",TRUE,Size,Single (91cm),Length,Standard (188cm),Configuration,Bed Set,mattress-world-hospitality---pocket-firm-150-bed-set-1,50000,,100,continue,manual,6999,,TRUE,TRUE,,https://wondrous-baklava-e13b07.netlify.app/assets/products/mattress_world_Hospitality-Pocket_Bed_set.jpg,1,Hospitality - Pocket Firm 150 Bed Set,FALSE,Hospitality - Pocket Firm 150 Bed Set,"Hospitality - Pocket Firm 150 Bed Set by Mattress World. Official Ortho Sleep Range – All Ortho Sleep Range Mattresses are Orthopedic Design. Made stronger to help improve posture, better quality than average mattress es and keep their shape and feel for a longer period of time. Great quality and good for back support. collection.",active
mattress-world-hospitality---pocket-firm-150-bed-set,,,,Furniture > Beds & Accessories > Mattresses,,"Mattress World, Ortho Sleep Range – All Ortho Sleep Range Mattresses are Orthopedic Design. Made stronger to help improve posture, better quality than average mattress es and keep their shape and feel for a longer period of time. Great quality and good for back support.",TRUE,Size,Three Quarter (107cm),Length,Standard (188cm),Configuration,Bed Set,mattress-world-hospitality---pocket-firm-150-bed-set-2,50000,,100,continue,manual,7999,,TRUE,TRUE,,,,,FALSE,Hospitality - Pocket Firm 150 Bed Set,"Hospitality - Pocket Firm 150 Bed Set by Mattress World. Official Ortho Sleep Range – All Ortho Sleep Range Mattresses are Orthopedic Design. Made stronger to help improve posture, better quality than average mattress es and keep their shape and feel for a longer period of time. Great quality and good for back support. collection.",active
mattress-world-hospitality---pocket-firm-150-bed-set,,,,Furniture > Beds & Accessories > Mattresses,,"Mattress World, Ortho Sleep Range – All Ortho Sleep Range Mattresses are Orthopedic Design. Made stronger to help improve posture, better quality than average mattress es and keep their shape and feel for a longer period of time. Great quality and good for back support.",TRUE,Size,Double (137cm),Length,Standard (188cm),Configuration,Bed Set,mattress-world-hospitality---pocket-firm-150-bed-set-3,50000,,100,continue,manual,9999,,TRUE,TRUE,,,,,FALSE,Hospitality - Pocket Firm 150 Bed Set,"Hospitality - Pocket Firm 150 Bed Set by Mattress World. Official Ortho Sleep Range – All Ortho Sleep Range Mattresses are Orthopedic Design. Made stronger to help improve posture, better quality than average mattress es and keep their shape and feel for a longer period of time. Great quality and good for back support. collection.",active
mattress-world-hospitality---pocket-firm-150-bed-set,,,,Furniture > Beds & Accessories > Mattresses,,"Mattress World, Ortho Sleep Range – All Ortho Sleep Range Mattresses are Orthopedic Design. Made stronger to help improve posture, better quality than average mattress es and keep their shape and feel for a longer period of time. Great quality and good for back support.",TRUE,Size,Queen (152cm),Length,Standard (188cm),Configuration,Bed Set,mattress-world-hospitality---pocket-firm-150-bed-set-4,50000,,100,continue,manual,9999,,TRUE,TRUE,,,,,FALSE,Hospitality - Pocket Firm 150 Bed Set,"Hospitality - Pocket Firm 150 Bed Set by Mattress World. Official Ortho Sleep Range – All Ortho Sleep Range Mattresses are Orthopedic Design. Made stronger to help improve posture, better quality than average mattress es and keep their shape and feel for a longer period of time. Great quality and good for back support. collection.",active
mattress-world-hospitality---pocket-firm-150-bed-set,,,,Furniture > Beds & Accessories > Mattresses,,"Mattress World, Ortho Sleep Range – All Ortho Sleep Range Mattresses are Orthopedic Design. Made stronger to help improve posture, better quality than average mattress es and keep their shape and feel for a longer period of time. Great quality and good for back support.",TRUE,Size,King (183cm),Length,Standard (188cm),Configuration,Bed Set,mattress-world-hospitality---pocket-firm-150-bed-set-5,50000,,100,continue,manual,11999,,TRUE,TRUE,,,,,FALSE,Hospitality - Pocket Firm 150 Bed Set,"Hospitality - Pocket Firm 150 Bed Set by Mattress World. Official Ortho Sleep Range – All Ortho Sleep Range Mattresses are Orthopedic Design. Made stronger to help improve posture, better quality than average mattress es and keep their shape and feel for a longer period of time. Great quality and good for back support. collection.",active
mattress-world-hospitality---pocket-firm-150-bed-set,,,,Furniture > Beds & Accessories > Mattresses,,"Mattress World, Ortho Sleep Range – All Ortho Sleep Range Mattresses are Orthopedic Design. Made stronger to help improve posture, better quality than average mattress es and keep their shape and feel for a longer period of time. Great quality and good for back support.",TRUE,Size,Single (91cm),Length,Extra Length (200cm),Configuration,Bed Set,mattress-world-hospitality---pocket-firm-150-bed-set-6,50000,,100,continue,manual,8399,,TRUE,TRUE,,,,,FALSE,Hospitality - Pocket Firm 150 Bed Set,"Hospitality - Pocket Firm 150 Bed Set by Mattress World. Official Ortho Sleep Range – All Ortho Sleep Range Mattresses are Orthopedic Design. Made stronger to help improve posture, better quality than average mattress es and keep their shape and feel for a longer period of time. Great quality and good for back support. collection.",active
mattress-world-hospitality---pocket-firm-150-bed-set,,,,Furniture > Beds & Accessories > Mattresses,,"Mattress World, Ortho Sleep Range – All Ortho Sleep Range Mattresses are Orthopedic Design. Made stronger to help improve posture, better quality than average mattress es and keep their shape and feel for a longer period of time. Great quality and good for back support.",TRUE,Size,Three Quarter (107cm),Length,Extra Length (200cm),Configuration,Bed Set,mattress-world-hospitality---pocket-firm-150-bed-set-7,50000,,100,continue,manual,9599,,TRUE,TRUE,,,,,FALSE,Hospitality - Pocket Firm 150 Bed Set,"Hospitality - Pocket Firm 150 Bed Set by Mattress World. Official Ortho Sleep Range – All Ortho Sleep Range Mattresses are Orthopedic Design. Made stronger to help improve posture, better quality than average mattress es and keep their shape and feel for a longer period of time. Great quality and good for back support. collection.",active
mattress-world-hospitality---pocket-firm-150-bed-set,,,,Furniture > Beds & Accessories > Mattresses,,"Mattress World, Ortho Sleep Range – All Ortho Sleep Range Mattresses are Orthopedic Design. Made stronger to help improve posture, better quality than average mattress es and keep their shape and feel for a longer period of time. Great quality and good for back support.",TRUE,Size,Double (137cm),Length,Extra Length (200cm),Configuration,Bed Set,mattress-world-hospitality---pocket-firm-150-bed-set-8,50000,,100,continue,manual,11999,,TRUE,TRUE,,,,,FALSE,Hospitality - Pocket Firm 150 Bed Set,"Hospitality - Pocket Firm 150 Bed Set by Mattress World. Official Ortho Sleep Range – All Ortho Sleep Range Mattresses are Orthopedic Design. Made stronger to help improve posture, better quality than average mattress es and keep their shape and feel for a longer period of time. Great quality and good for back support. collection.",active
mattress-world-hospitality---pocket-firm-150-bed-set,,,,Furniture > Beds & Accessories > Mattresses,,"Mattress World, Ortho Sleep Range – All Ortho Sleep Range Mattresses are Orthopedic Design. Made stronger to help improve posture, better quality than average mattress es and keep their shape and feel for a longer period of time. Great quality and good for back support.",TRUE,Size,Queen (152cm),Length,Extra Length (200cm),Configuration,Bed Set,mattress-world-hospitality---pocket-firm-150-bed-set-9,50000,,100,continue,manual,11999,,TRUE,TRUE,,,,,FALSE,Hospitality - Pocket Firm 150 Bed Set,"Hospitality - Pocket Firm 150 Bed Set by Mattress World. Official Ortho Sleep Range – All Ortho Sleep Range Mattresses are Orthopedic Design. Made stronger to help improve posture, better quality than average mattress es and keep their shape and feel for a longer period of time. Great quality and good for back support. collection.",active
mattress-world-hospitality---pocket-firm-150-bed-set,,,,Furniture > Beds & Accessories > Mattresses,,"Mattress World, Ortho Sleep Range – All Ortho Sleep Range Mattresses are Orthopedic Design. Made stronger to help improve posture, better quality than average mattress es and keep their shape and feel for a longer period of time. Great quality and good for back support.",TRUE,Size,King (183cm),Length,Extra Length (200cm),Configuration,Bed Set,mattress-world-hospitality---pocket-firm-150-bed-set-10,50000,,100,continue,manual,14399,,TRUE,TRUE,,,,,FALSE,Hospitality - Pocket Firm 150 Bed Set,"Hospitality - Pocket Firm 150 Bed Set by Mattress World. Official Ortho Sleep Range – All Ortho Sleep Range Mattresses are Orthopedic Design. Made stronger to help improve posture, better quality than average mattress es and keep their shape and feel for a longer period of time. Great quality and good for back support. collection.",active
mattress-world-hospitality-foam-firm-150-bed-set,Hospitality-Foam Firm 150 Bed Set,"<h3>Hospitality-Foam Firm 150 Bed Set</h3>
<p><strong>Manufacturer:</strong> Mattress World<br/>
<strong>Range:</strong> Ortho Sleep Range – All Ortho Sleep Range Mattresses are Orthopedic Design. Made stronger to help improve posture, better quality than average mattresses and keep their shape and feel for a longer period of time. Great quality and good for back support.</p>
<h4>Features & Specs:</h4>
<ul>
  <li>Hospitality Grade Quality</li>
  <li>Heavy Duty Support Foam Core</li>
  <li>High Density, Firm Feel Orthopedic Comfort Foam</li>
  <li>Turnable Design</li>
  <li>Multi Layered Foam</li>
  <li>150kg Per Person Per Side</li>
  <li>2 Year Guarantee</li>
  <li>15 Year Warranty</li>
</ul>
",Mattress World,Furniture > Beds & Accessories > Mattresses,Beds & Mattresses,"Mattress World, Ortho Sleep Range – All Ortho Sleep Range Mattresses are Orthopedic Design. Made stronger to help improve posture, better quality than average mattresses and keep their shape and feel for a longer period of time. Great quality and good for back support.",TRUE,Size,Single (91cm),Length,Standard (188cm),Configuration,Bed Set,mattress-world-hospitality-foam-firm-150-bed-set-1,50000,,100,continue,manual,5499,,TRUE,TRUE,,https://wondrous-baklava-e13b07.netlify.app/assets/products/mattress_world_Hospitality-Pocket_Bed_set.jpg,1,Hospitality-Foam Firm 150 Bed Set,FALSE,Hospitality-Foam Firm 150 Bed Set,"Hospitality-Foam Firm 150 Bed Set by Mattress World. Official Ortho Sleep Range – All Ortho Sleep Range Mattresses are Orthopedic Design. Made stronger to help improve posture, better quality than average mattresses and keep their shape and feel for a longer period of time. Great quality and good for back support. collection.",active
mattress-world-hospitality-foam-firm-150-bed-set,,,,Furniture > Beds & Accessories > Mattresses,,"Mattress World, Ortho Sleep Range – All Ortho Sleep Range Mattresses are Orthopedic Design. Made stronger to help improve posture, better quality than average mattresses and keep their shape and feel for a longer period of time. Great quality and good for back support.",TRUE,Size,Three Quarter (107cm),Length,Standard (188cm),Configuration,Bed Set,mattress-world-hospitality-foam-firm-150-bed-set-2,50000,,100,continue,manual,5999,,TRUE,TRUE,,,,,FALSE,Hospitality-Foam Firm 150 Bed Set,"Hospitality-Foam Firm 150 Bed Set by Mattress World. Official Ortho Sleep Range – All Ortho Sleep Range Mattresses are Orthopedic Design. Made stronger to help improve posture, better quality than average mattresses and keep their shape and feel for a longer period of time. Great quality and good for back support. collection.",active
mattress-world-hospitality-foam-firm-150-bed-set,,,,Furniture > Beds & Accessories > Mattresses,,"Mattress World, Ortho Sleep Range – All Ortho Sleep Range Mattresses are Orthopedic Design. Made stronger to help improve posture, better quality than average mattresses and keep their shape and feel for a longer period of time. Great quality and good for back support.",TRUE,Size,Double (137cm),Length,Standard (188cm),Configuration,Bed Set,mattress-world-hospitality-foam-firm-150-bed-set-3,50000,,100,continue,manual,8499,,TRUE,TRUE,,,,,FALSE,Hospitality-Foam Firm 150 Bed Set,"Hospitality-Foam Firm 150 Bed Set by Mattress World. Official Ortho Sleep Range – All Ortho Sleep Range Mattresses are Orthopedic Design. Made stronger to help improve posture, better quality than average mattresses and keep their shape and feel for a longer period of time. Great quality and good for back support. collection.",active
mattress-world-hospitality-foam-firm-150-bed-set,,,,Furniture > Beds & Accessories > Mattresses,,"Mattress World, Ortho Sleep Range – All Ortho Sleep Range Mattresses are Orthopedic Design. Made stronger to help improve posture, better quality than average mattresses and keep their shape and feel for a longer period of time. Great quality and good for back support.",TRUE,Size,Queen (152cm),Length,Standard (188cm),Configuration,Bed Set,mattress-world-hospitality-foam-firm-150-bed-set-4,50000,,100,continue,manual,8499,,TRUE,TRUE,,,,,FALSE,Hospitality-Foam Firm 150 Bed Set,"Hospitality-Foam Firm 150 Bed Set by Mattress World. Official Ortho Sleep Range – All Ortho Sleep Range Mattresses are Orthopedic Design. Made stronger to help improve posture, better quality than average mattresses and keep their shape and feel for a longer period of time. Great quality and good for back support. collection.",active
mattress-world-hospitality-foam-firm-150-bed-set,,,,Furniture > Beds & Accessories > Mattresses,,"Mattress World, Ortho Sleep Range – All Ortho Sleep Range Mattresses are Orthopedic Design. Made stronger to help improve posture, better quality than average mattresses and keep their shape and feel for a longer period of time. Great quality and good for back support.",TRUE,Size,King (183cm),Length,Standard (188cm),Configuration,Bed Set,mattress-world-hospitality-foam-firm-150-bed-set-5,50000,,100,continue,manual,10499,,TRUE,TRUE,,,,,FALSE,Hospitality-Foam Firm 150 Bed Set,"Hospitality-Foam Firm 150 Bed Set by Mattress World. Official Ortho Sleep Range – All Ortho Sleep Range Mattresses are Orthopedic Design. Made stronger to help improve posture, better quality than average mattresses and keep their shape and feel for a longer period of time. Great quality and good for back support. collection.",active
mattress-world-hospitality-foam-firm-150-bed-set,,,,Furniture > Beds & Accessories > Mattresses,,"Mattress World, Ortho Sleep Range – All Ortho Sleep Range Mattresses are Orthopedic Design. Made stronger to help improve posture, better quality than average mattresses and keep their shape and feel for a longer period of time. Great quality and good for back support.",TRUE,Size,Single (91cm),Length,Standard (188cm),Configuration,Mattress Only,mattress-world-hospitality-foam-firm-150-bed-set-6,50000,,100,continue,manual,4999,,TRUE,TRUE,,,,,FALSE,Hospitality-Foam Firm 150 Bed Set,"Hospitality-Foam Firm 150 Bed Set by Mattress World. Official Ortho Sleep Range – All Ortho Sleep Range Mattresses are Orthopedic Design. Made stronger to help improve posture, better quality than average mattresses and keep their shape and feel for a longer period of time. Great quality and good for back support. collection.",active
mattress-world-hospitality-foam-firm-150-bed-set,,,,Furniture > Beds & Accessories > Mattresses,,"Mattress World, Ortho Sleep Range – All Ortho Sleep Range Mattresses are Orthopedic Design. Made stronger to help improve posture, better quality than average mattresses and keep their shape and feel for a longer period of time. Great quality and good for back support.",TRUE,Size,Three Quarter (107cm),Length,Standard (188cm),Configuration,Mattress Only,mattress-world-hospitality-foam-firm-150-bed-set-7,50000,,100,continue,manual,5499,,TRUE,TRUE,,,,,FALSE,Hospitality-Foam Firm 150 Bed Set,"Hospitality-Foam Firm 150 Bed Set by Mattress World. Official Ortho Sleep Range – All Ortho Sleep Range Mattresses are Orthopedic Design. Made stronger to help improve posture, better quality than average mattresses and keep their shape and feel for a longer period of time. Great quality and good for back support. collection.",active
mattress-world-hospitality-foam-firm-150-bed-set,,,,Furniture > Beds & Accessories > Mattresses,,"Mattress World, Ortho Sleep Range – All Ortho Sleep Range Mattresses are Orthopedic Design. Made stronger to help improve posture, better quality than average mattresses and keep their shape and feel for a longer period of time. Great quality and good for back support.",TRUE,Size,Double (137cm),Length,Standard (188cm),Configuration,Mattress Only,mattress-world-hospitality-foam-firm-150-bed-set-8,50000,,100,continue,manual,7999,,TRUE,TRUE,,,,,FALSE,Hospitality-Foam Firm 150 Bed Set,"Hospitality-Foam Firm 150 Bed Set by Mattress World. Official Ortho Sleep Range – All Ortho Sleep Range Mattresses are Orthopedic Design. Made stronger to help improve posture, better quality than average mattresses and keep their shape and feel for a longer period of time. Great quality and good for back support. collection.",active
mattress-world-hospitality-foam-firm-150-bed-set,,,,Furniture > Beds & Accessories > Mattresses,,"Mattress World, Ortho Sleep Range – All Ortho Sleep Range Mattresses are Orthopedic Design. Made stronger to help improve posture, better quality than average mattresses and keep their shape and feel for a longer period of time. Great quality and good for back support.",TRUE,Size,Queen (152cm),Length,Standard (188cm),Configuration,Mattress Only,mattress-world-hospitality-foam-firm-150-bed-set-9,50000,,100,continue,manual,7999,,TRUE,TRUE,,,,,FALSE,Hospitality-Foam Firm 150 Bed Set,"Hospitality-Foam Firm 150 Bed Set by Mattress World. Official Ortho Sleep Range – All Ortho Sleep Range Mattresses are Orthopedic Design. Made stronger to help improve posture, better quality than average mattresses and keep their shape and feel for a longer period of time. Great quality and good for back support. collection.",active
mattress-world-hospitality-foam-firm-150-bed-set,,,,Furniture > Beds & Accessories > Mattresses,,"Mattress World, Ortho Sleep Range – All Ortho Sleep Range Mattresses are Orthopedic Design. Made stronger to help improve posture, better quality than average mattresses and keep their shape and feel for a longer period of time. Great quality and good for back support.",TRUE,Size,King (183cm),Length,Standard (188cm),Configuration,Mattress Only,mattress-world-hospitality-foam-firm-150-bed-set-10,50000,,100,continue,manual,9499,,TRUE,TRUE,,,,,FALSE,Hospitality-Foam Firm 150 Bed Set,"Hospitality-Foam Firm 150 Bed Set by Mattress World. Official Ortho Sleep Range – All Ortho Sleep Range Mattresses are Orthopedic Design. Made stronger to help improve posture, better quality than average mattresses and keep their shape and feel for a longer period of time. Great quality and good for back support. collection.",active
mattress-world-hospitality-foam-firm-150-bed-set,,,,Furniture > Beds & Accessories > Mattresses,,"Mattress World, Ortho Sleep Range – All Ortho Sleep Range Mattresses are Orthopedic Design. Made stronger to help improve posture, better quality than average mattresses and keep their shape and feel for a longer period of time. Great quality and good for back support.",TRUE,Size,Single (91cm),Length,Extra Length (200cm),Configuration,Bed Set,mattress-world-hospitality-foam-firm-150-bed-set-11,50000,,100,continue,manual,6599,,TRUE,TRUE,,,,,FALSE,Hospitality-Foam Firm 150 Bed Set,"Hospitality-Foam Firm 150 Bed Set by Mattress World. Official Ortho Sleep Range – All Ortho Sleep Range Mattresses are Orthopedic Design. Made stronger to help improve posture, better quality than average mattresses and keep their shape and feel for a longer period of time. Great quality and good for back support. collection.",active
mattress-world-hospitality-foam-firm-150-bed-set,,,,Furniture > Beds & Accessories > Mattresses,,"Mattress World, Ortho Sleep Range – All Ortho Sleep Range Mattresses are Orthopedic Design. Made stronger to help improve posture, better quality than average mattresses and keep their shape and feel for a longer period of time. Great quality and good for back support.",TRUE,Size,Three Quarter (107cm),Length,Extra Length (200cm),Configuration,Bed Set,mattress-world-hospitality-foam-firm-150-bed-set-12,50000,,100,continue,manual,7199,,TRUE,TRUE,,,,,FALSE,Hospitality-Foam Firm 150 Bed Set,"Hospitality-Foam Firm 150 Bed Set by Mattress World. Official Ortho Sleep Range – All Ortho Sleep Range Mattresses are Orthopedic Design. Made stronger to help improve posture, better quality than average mattresses and keep their shape and feel for a longer period of time. Great quality and good for back support. collection.",active
mattress-world-hospitality-foam-firm-150-bed-set,,,,Furniture > Beds & Accessories > Mattresses,,"Mattress World, Ortho Sleep Range – All Ortho Sleep Range Mattresses are Orthopedic Design. Made stronger to help improve posture, better quality than average mattresses and keep their shape and feel for a longer period of time. Great quality and good for back support.",TRUE,Size,Double (137cm),Length,Extra Length (200cm),Configuration,Bed Set,mattress-world-hospitality-foam-firm-150-bed-set-13,50000,,100,continue,manual,10199,,TRUE,TRUE,,,,,FALSE,Hospitality-Foam Firm 150 Bed Set,"Hospitality-Foam Firm 150 Bed Set by Mattress World. Official Ortho Sleep Range – All Ortho Sleep Range Mattresses are Orthopedic Design. Made stronger to help improve posture, better quality than average mattresses and keep their shape and feel for a longer period of time. Great quality and good for back support. collection.",active
mattress-world-hospitality-foam-firm-150-bed-set,,,,Furniture > Beds & Accessories > Mattresses,,"Mattress World, Ortho Sleep Range – All Ortho Sleep Range Mattresses are Orthopedic Design. Made stronger to help improve posture, better quality than average mattresses and keep their shape and feel for a longer period of time. Great quality and good for back support.",TRUE,Size,Queen (152cm),Length,Extra Length (200cm),Configuration,Bed Set,mattress-world-hospitality-foam-firm-150-bed-set-14,50000,,100,continue,manual,10199,,TRUE,TRUE,,,,,FALSE,Hospitality-Foam Firm 150 Bed Set,"Hospitality-Foam Firm 150 Bed Set by Mattress World. Official Ortho Sleep Range – All Ortho Sleep Range Mattresses are Orthopedic Design. Made stronger to help improve posture, better quality than average mattresses and keep their shape and feel for a longer period of time. Great quality and good for back support. collection.",active
mattress-world-hospitality-foam-firm-150-bed-set,,,,Furniture > Beds & Accessories > Mattresses,,"Mattress World, Ortho Sleep Range – All Ortho Sleep Range Mattresses are Orthopedic Design. Made stronger to help improve posture, better quality than average mattresses and keep their shape and feel for a longer period of time. Great quality and good for back support.",TRUE,Size,King (183cm),Length,Extra Length (200cm),Configuration,Bed Set,mattress-world-hospitality-foam-firm-150-bed-set-15,50000,,100,continue,manual,12599,,TRUE,TRUE,,,,,FALSE,Hospitality-Foam Firm 150 Bed Set,"Hospitality-Foam Firm 150 Bed Set by Mattress World. Official Ortho Sleep Range – All Ortho Sleep Range Mattresses are Orthopedic Design. Made stronger to help improve posture, better quality than average mattresses and keep their shape and feel for a longer period of time. Great quality and good for back support. collection.",active
mattress-world-hospitality-foam-firm-150-bed-set,,,,Furniture > Beds & Accessories > Mattresses,,"Mattress World, Ortho Sleep Range – All Ortho Sleep Range Mattresses are Orthopedic Design. Made stronger to help improve posture, better quality than average mattresses and keep their shape and feel for a longer period of time. Great quality and good for back support.",TRUE,Size,Single (91cm),Length,Extra Length (200cm),Configuration,Mattress Only,mattress-world-hospitality-foam-firm-150-bed-set-16,50000,,100,continue,manual,5999,,TRUE,TRUE,,,,,FALSE,Hospitality-Foam Firm 150 Bed Set,"Hospitality-Foam Firm 150 Bed Set by Mattress World. Official Ortho Sleep Range – All Ortho Sleep Range Mattresses are Orthopedic Design. Made stronger to help improve posture, better quality than average mattresses and keep their shape and feel for a longer period of time. Great quality and good for back support. collection.",active
mattress-world-hospitality-foam-firm-150-bed-set,,,,Furniture > Beds & Accessories > Mattresses,,"Mattress World, Ortho Sleep Range – All Ortho Sleep Range Mattresses are Orthopedic Design. Made stronger to help improve posture, better quality than average mattresses and keep their shape and feel for a longer period of time. Great quality and good for back support.",TRUE,Size,Three Quarter (107cm),Length,Extra Length (200cm),Configuration,Mattress Only,mattress-world-hospitality-foam-firm-150-bed-set-17,50000,,100,continue,manual,6599,,TRUE,TRUE,,,,,FALSE,Hospitality-Foam Firm 150 Bed Set,"Hospitality-Foam Firm 150 Bed Set by Mattress World. Official Ortho Sleep Range – All Ortho Sleep Range Mattresses are Orthopedic Design. Made stronger to help improve posture, better quality than average mattresses and keep their shape and feel for a longer period of time. Great quality and good for back support. collection.",active
mattress-world-hospitality-foam-firm-150-bed-set,,,,Furniture > Beds & Accessories > Mattresses,,"Mattress World, Ortho Sleep Range – All Ortho Sleep Range Mattresses are Orthopedic Design. Made stronger to help improve posture, better quality than average mattresses and keep their shape and feel for a longer period of time. Great quality and good for back support.",TRUE,Size,Double (137cm),Length,Extra Length (200cm),Configuration,Mattress Only,mattress-world-hospitality-foam-firm-150-bed-set-18,50000,,100,continue,manual,9599,,TRUE,TRUE,,,,,FALSE,Hospitality-Foam Firm 150 Bed Set,"Hospitality-Foam Firm 150 Bed Set by Mattress World. Official Ortho Sleep Range – All Ortho Sleep Range Mattresses are Orthopedic Design. Made stronger to help improve posture, better quality than average mattresses and keep their shape and feel for a longer period of time. Great quality and good for back support. collection.",active
mattress-world-hospitality-foam-firm-150-bed-set,,,,Furniture > Beds & Accessories > Mattresses,,"Mattress World, Ortho Sleep Range – All Ortho Sleep Range Mattresses are Orthopedic Design. Made stronger to help improve posture, better quality than average mattresses and keep their shape and feel for a longer period of time. Great quality and good for back support.",TRUE,Size,Queen (152cm),Length,Extra Length (200cm),Configuration,Mattress Only,mattress-world-hospitality-foam-firm-150-bed-set-19,50000,,100,continue,manual,9599,,TRUE,TRUE,,,,,FALSE,Hospitality-Foam Firm 150 Bed Set,"Hospitality-Foam Firm 150 Bed Set by Mattress World. Official Ortho Sleep Range – All Ortho Sleep Range Mattresses are Orthopedic Design. Made stronger to help improve posture, better quality than average mattresses and keep their shape and feel for a longer period of time. Great quality and good for back support. collection.",active
mattress-world-hospitality-foam-firm-150-bed-set,,,,Furniture > Beds & Accessories > Mattresses,,"Mattress World, Ortho Sleep Range – All Ortho Sleep Range Mattresses are Orthopedic Design. Made stronger to help improve posture, better quality than average mattresses and keep their shape and feel for a longer period of time. Great quality and good for back support.",TRUE,Size,King (183cm),Length,Extra Length (200cm),Configuration,Mattress Only,mattress-world-hospitality-foam-firm-150-bed-set-20,50000,,100,continue,manual,11399,,TRUE,TRUE,,,,,FALSE,Hospitality-Foam Firm 150 Bed Set,"Hospitality-Foam Firm 150 Bed Set by Mattress World. Official Ortho Sleep Range – All Ortho Sleep Range Mattresses are Orthopedic Design. Made stronger to help improve posture, better quality than average mattresses and keep their shape and feel for a longer period of time. Great quality and good for back support. collection.",active
mattress-world-hospitality---spring-bed-set,Hospitality - Spring Bed Set,"<h3>Hospitality - Spring Bed Set</h3>
<p><strong>Manufacturer:</strong> Mattress World<br/>
<strong>Range:</strong> Ortho Sleep Range – All Ortho Sleep Range Mattresses are Orthopedic Design. Made stronger to help improve posture, better quality than average mattress es and keep their shape and feel for a longer period of time. Great quality and good for back support.</p>
<h4>Features & Specs:</h4>
<ul>
  <li>Hospitality Grade Quality</li>
  <li>Heavy Duty Full Body Support Spring</li>
  <li>High Density Orthopedic Comfort F oam</li>
  <li>Turn able Design</li>
  <li>120kg Per Person Per Side</li>
  <li>1 Year Guarantee</li>
  <li>15 Year Warranty</li>
  <li>Medium Firm Feel</li>
</ul>
",Mattress World,Furniture > Beds & Accessories > Mattresses,Beds & Mattresses,"Mattress World, Ortho Sleep Range – All Ortho Sleep Range Mattresses are Orthopedic Design. Made stronger to help improve posture, better quality than average mattress es and keep their shape and feel for a longer period of time. Great quality and good for back support.",TRUE,Size,Single (91cm),Length,Standard (188cm),Configuration,Bed Set,mattress-world-hospitality---spring-bed-set-1,50000,,100,continue,manual,3999,,TRUE,TRUE,,https://wondrous-baklava-e13b07.netlify.app/assets/products/mattress_world_Hospitality-Pocket_Bed_set.jpg,1,Hospitality - Spring Bed Set,FALSE,Hospitality - Spring Bed Set,"Hospitality - Spring Bed Set by Mattress World. Official Ortho Sleep Range – All Ortho Sleep Range Mattresses are Orthopedic Design. Made stronger to help improve posture, better quality than average mattress es and keep their shape and feel for a longer period of time. Great quality and good for back support. collection.",active
mattress-world-hospitality---spring-bed-set,,,,Furniture > Beds & Accessories > Mattresses,,"Mattress World, Ortho Sleep Range – All Ortho Sleep Range Mattresses are Orthopedic Design. Made stronger to help improve posture, better quality than average mattress es and keep their shape and feel for a longer period of time. Great quality and good for back support.",TRUE,Size,Three Quarter (107cm),Length,Standard (188cm),Configuration,Bed Set,mattress-world-hospitality---spring-bed-set-2,50000,,100,continue,manual,4499,,TRUE,TRUE,,,,,FALSE,Hospitality - Spring Bed Set,"Hospitality - Spring Bed Set by Mattress World. Official Ortho Sleep Range – All Ortho Sleep Range Mattresses are Orthopedic Design. Made stronger to help improve posture, better quality than average mattress es and keep their shape and feel for a longer period of time. Great quality and good for back support. collection.",active
mattress-world-hospitality---spring-bed-set,,,,Furniture > Beds & Accessories > Mattresses,,"Mattress World, Ortho Sleep Range – All Ortho Sleep Range Mattresses are Orthopedic Design. Made stronger to help improve posture, better quality than average mattress es and keep their shape and feel for a longer period of time. Great quality and good for back support.",TRUE,Size,Double (137cm),Length,Standard (188cm),Configuration,Bed Set,mattress-world-hospitality---spring-bed-set-3,50000,,100,continue,manual,5499,,TRUE,TRUE,,,,,FALSE,Hospitality - Spring Bed Set,"Hospitality - Spring Bed Set by Mattress World. Official Ortho Sleep Range – All Ortho Sleep Range Mattresses are Orthopedic Design. Made stronger to help improve posture, better quality than average mattress es and keep their shape and feel for a longer period of time. Great quality and good for back support. collection.",active
mattress-world-hospitality---spring-bed-set,,,,Furniture > Beds & Accessories > Mattresses,,"Mattress World, Ortho Sleep Range – All Ortho Sleep Range Mattresses are Orthopedic Design. Made stronger to help improve posture, better quality than average mattress es and keep their shape and feel for a longer period of time. Great quality and good for back support.",TRUE,Size,Queen (152cm),Length,Standard (188cm),Configuration,Bed Set,mattress-world-hospitality---spring-bed-set-4,50000,,100,continue,manual,5499,,TRUE,TRUE,,,,,FALSE,Hospitality - Spring Bed Set,"Hospitality - Spring Bed Set by Mattress World. Official Ortho Sleep Range – All Ortho Sleep Range Mattresses are Orthopedic Design. Made stronger to help improve posture, better quality than average mattress es and keep their shape and feel for a longer period of time. Great quality and good for back support. collection.",active
mattress-world-hospitality---spring-bed-set,,,,Furniture > Beds & Accessories > Mattresses,,"Mattress World, Ortho Sleep Range – All Ortho Sleep Range Mattresses are Orthopedic Design. Made stronger to help improve posture, better quality than average mattress es and keep their shape and feel for a longer period of time. Great quality and good for back support.",TRUE,Size,King (183cm),Length,Standard (188cm),Configuration,Bed Set,mattress-world-hospitality---spring-bed-set-5,50000,,100,continue,manual,7499,,TRUE,TRUE,,,,,FALSE,Hospitality - Spring Bed Set,"Hospitality - Spring Bed Set by Mattress World. Official Ortho Sleep Range – All Ortho Sleep Range Mattresses are Orthopedic Design. Made stronger to help improve posture, better quality than average mattress es and keep their shape and feel for a longer period of time. Great quality and good for back support. collection.",active
mattress-world-hospitality---spring-bed-set,,,,Furniture > Beds & Accessories > Mattresses,,"Mattress World, Ortho Sleep Range – All Ortho Sleep Range Mattresses are Orthopedic Design. Made stronger to help improve posture, better quality than average mattress es and keep their shape and feel for a longer period of time. Great quality and good for back support.",TRUE,Size,Single (91cm),Length,Extra Length (200cm),Configuration,Bed Set,mattress-world-hospitality---spring-bed-set-6,50000,,100,continue,manual,4799,,TRUE,TRUE,,,,,FALSE,Hospitality - Spring Bed Set,"Hospitality - Spring Bed Set by Mattress World. Official Ortho Sleep Range – All Ortho Sleep Range Mattresses are Orthopedic Design. Made stronger to help improve posture, better quality than average mattress es and keep their shape and feel for a longer period of time. Great quality and good for back support. collection.",active
mattress-world-hospitality---spring-bed-set,,,,Furniture > Beds & Accessories > Mattresses,,"Mattress World, Ortho Sleep Range – All Ortho Sleep Range Mattresses are Orthopedic Design. Made stronger to help improve posture, better quality than average mattress es and keep their shape and feel for a longer period of time. Great quality and good for back support.",TRUE,Size,Three Quarter (107cm),Length,Extra Length (200cm),Configuration,Bed Set,mattress-world-hospitality---spring-bed-set-7,50000,,100,continue,manual,5399,,TRUE,TRUE,,,,,FALSE,Hospitality - Spring Bed Set,"Hospitality - Spring Bed Set by Mattress World. Official Ortho Sleep Range – All Ortho Sleep Range Mattresses are Orthopedic Design. Made stronger to help improve posture, better quality than average mattress es and keep their shape and feel for a longer period of time. Great quality and good for back support. collection.",active
mattress-world-hospitality---spring-bed-set,,,,Furniture > Beds & Accessories > Mattresses,,"Mattress World, Ortho Sleep Range – All Ortho Sleep Range Mattresses are Orthopedic Design. Made stronger to help improve posture, better quality than average mattress es and keep their shape and feel for a longer period of time. Great quality and good for back support.",TRUE,Size,Double (137cm),Length,Extra Length (200cm),Configuration,Bed Set,mattress-world-hospitality---spring-bed-set-8,50000,,100,continue,manual,6599,,TRUE,TRUE,,,,,FALSE,Hospitality - Spring Bed Set,"Hospitality - Spring Bed Set by Mattress World. Official Ortho Sleep Range – All Ortho Sleep Range Mattresses are Orthopedic Design. Made stronger to help improve posture, better quality than average mattress es and keep their shape and feel for a longer period of time. Great quality and good for back support. collection.",active
mattress-world-hospitality---spring-bed-set,,,,Furniture > Beds & Accessories > Mattresses,,"Mattress World, Ortho Sleep Range – All Ortho Sleep Range Mattresses are Orthopedic Design. Made stronger to help improve posture, better quality than average mattress es and keep their shape and feel for a longer period of time. Great quality and good for back support.",TRUE,Size,Queen (152cm),Length,Extra Length (200cm),Configuration,Bed Set,mattress-world-hospitality---spring-bed-set-9,50000,,100,continue,manual,6599,,TRUE,TRUE,,,,,FALSE,Hospitality - Spring Bed Set,"Hospitality - Spring Bed Set by Mattress World. Official Ortho Sleep Range – All Ortho Sleep Range Mattresses are Orthopedic Design. Made stronger to help improve posture, better quality than average mattress es and keep their shape and feel for a longer period of time. Great quality and good for back support. collection.",active
mattress-world-hospitality---spring-bed-set,,,,Furniture > Beds & Accessories > Mattresses,,"Mattress World, Ortho Sleep Range – All Ortho Sleep Range Mattresses are Orthopedic Design. Made stronger to help improve posture, better quality than average mattress es and keep their shape and feel for a longer period of time. Great quality and good for back support.",TRUE,Size,King (183cm),Length,Extra Length (200cm),Configuration,Bed Set,mattress-world-hospitality---spring-bed-set-10,50000,,100,continue,manual,8999,,TRUE,TRUE,,,,,FALSE,Hospitality - Spring Bed Set,"Hospitality - Spring Bed Set by Mattress World. Official Ortho Sleep Range – All Ortho Sleep Range Mattresses are Orthopedic Design. Made stronger to help improve posture, better quality than average mattress es and keep their shape and feel for a longer period of time. Great quality and good for back support. collection.",active
mattress-world-hospitality---pocket-bed-set,Hospitality - Pocket Bed Set,"<h3>Hospitality - Pocket Bed Set</h3>
<p><strong>Manufacturer:</strong> Mattress World<br/>
<strong>Range:</strong> Ortho Sleep Range – All Ortho Sleep Range Mattresses are Orthopedic Design. Made stronger to help improve posture, better quality than average mattress es and keep their shape and feel for a longer period of time. Great quality and good for back support.</p>
<h4>Features & Specs:</h4>
<ul>
  <li>Hospitality Grade Quality</li>
  <li>Heavy Duty Pocket Spring</li>
  <li>High Density Orthopedic Comfort F oam</li>
  <li>Turn able Design</li>
  <li>120kg Per Person Per Side</li>
  <li>1 Year Guarantee</li>
  <li>15 Year Warranty</li>
  <li>Medium Feel</li>
</ul>
",Mattress World,Furniture > Beds & Accessories > Mattresses,Beds & Mattresses,"Mattress World, Ortho Sleep Range – All Ortho Sleep Range Mattresses are Orthopedic Design. Made stronger to help improve posture, better quality than average mattress es and keep their shape and feel for a longer period of time. Great quality and good for back support.",TRUE,Size,Single (91cm),Length,Standard (188cm),Configuration,Bed Set,mattress-world-hospitality---pocket-bed-set-1,50000,,100,continue,manual,4999,,TRUE,TRUE,,https://wondrous-baklava-e13b07.netlify.app/assets/products/mattress_world_Hospitality-Pocket_Bed_set.jpg,1,Hospitality - Pocket Bed Set,FALSE,Hospitality - Pocket Bed Set,"Hospitality - Pocket Bed Set by Mattress World. Official Ortho Sleep Range – All Ortho Sleep Range Mattresses are Orthopedic Design. Made stronger to help improve posture, better quality than average mattress es and keep their shape and feel for a longer period of time. Great quality and good for back support. collection.",active
mattress-world-hospitality---pocket-bed-set,,,,Furniture > Beds & Accessories > Mattresses,,"Mattress World, Ortho Sleep Range – All Ortho Sleep Range Mattresses are Orthopedic Design. Made stronger to help improve posture, better quality than average mattress es and keep their shape and feel for a longer period of time. Great quality and good for back support.",TRUE,Size,Three Quarter (107cm),Length,Standard (188cm),Configuration,Bed Set,mattress-world-hospitality---pocket-bed-set-2,50000,,100,continue,manual,5999,,TRUE,TRUE,,,,,FALSE,Hospitality - Pocket Bed Set,"Hospitality - Pocket Bed Set by Mattress World. Official Ortho Sleep Range – All Ortho Sleep Range Mattresses are Orthopedic Design. Made stronger to help improve posture, better quality than average mattress es and keep their shape and feel for a longer period of time. Great quality and good for back support. collection.",active
mattress-world-hospitality---pocket-bed-set,,,,Furniture > Beds & Accessories > Mattresses,,"Mattress World, Ortho Sleep Range – All Ortho Sleep Range Mattresses are Orthopedic Design. Made stronger to help improve posture, better quality than average mattress es and keep their shape and feel for a longer period of time. Great quality and good for back support.",TRUE,Size,Double (137cm),Length,Standard (188cm),Configuration,Bed Set,mattress-world-hospitality---pocket-bed-set-3,50000,,100,continue,manual,6999,,TRUE,TRUE,,,,,FALSE,Hospitality - Pocket Bed Set,"Hospitality - Pocket Bed Set by Mattress World. Official Ortho Sleep Range – All Ortho Sleep Range Mattresses are Orthopedic Design. Made stronger to help improve posture, better quality than average mattress es and keep their shape and feel for a longer period of time. Great quality and good for back support. collection.",active
mattress-world-hospitality---pocket-bed-set,,,,Furniture > Beds & Accessories > Mattresses,,"Mattress World, Ortho Sleep Range – All Ortho Sleep Range Mattresses are Orthopedic Design. Made stronger to help improve posture, better quality than average mattress es and keep their shape and feel for a longer period of time. Great quality and good for back support.",TRUE,Size,Queen (152cm),Length,Standard (188cm),Configuration,Bed Set,mattress-world-hospitality---pocket-bed-set-4,50000,,100,continue,manual,6999,,TRUE,TRUE,,,,,FALSE,Hospitality - Pocket Bed Set,"Hospitality - Pocket Bed Set by Mattress World. Official Ortho Sleep Range – All Ortho Sleep Range Mattresses are Orthopedic Design. Made stronger to help improve posture, better quality than average mattress es and keep their shape and feel for a longer period of time. Great quality and good for back support. collection.",active
mattress-world-hospitality---pocket-bed-set,,,,Furniture > Beds & Accessories > Mattresses,,"Mattress World, Ortho Sleep Range – All Ortho Sleep Range Mattresses are Orthopedic Design. Made stronger to help improve posture, better quality than average mattress es and keep their shape and feel for a longer period of time. Great quality and good for back support.",TRUE,Size,King (183cm),Length,Standard (188cm),Configuration,Bed Set,mattress-world-hospitality---pocket-bed-set-5,50000,,100,continue,manual,8999,,TRUE,TRUE,,,,,FALSE,Hospitality - Pocket Bed Set,"Hospitality - Pocket Bed Set by Mattress World. Official Ortho Sleep Range – All Ortho Sleep Range Mattresses are Orthopedic Design. Made stronger to help improve posture, better quality than average mattress es and keep their shape and feel for a longer period of time. Great quality and good for back support. collection.",active
mattress-world-hospitality---pocket-bed-set,,,,Furniture > Beds & Accessories > Mattresses,,"Mattress World, Ortho Sleep Range – All Ortho Sleep Range Mattresses are Orthopedic Design. Made stronger to help improve posture, better quality than average mattress es and keep their shape and feel for a longer period of time. Great quality and good for back support.",TRUE,Size,Single (91cm),Length,Extra Length (200cm),Configuration,Bed Set,mattress-world-hospitality---pocket-bed-set-6,50000,,100,continue,manual,5999,,TRUE,TRUE,,,,,FALSE,Hospitality - Pocket Bed Set,"Hospitality - Pocket Bed Set by Mattress World. Official Ortho Sleep Range – All Ortho Sleep Range Mattresses are Orthopedic Design. Made stronger to help improve posture, better quality than average mattress es and keep their shape and feel for a longer period of time. Great quality and good for back support. collection.",active
mattress-world-hospitality---pocket-bed-set,,,,Furniture > Beds & Accessories > Mattresses,,"Mattress World, Ortho Sleep Range – All Ortho Sleep Range Mattresses are Orthopedic Design. Made stronger to help improve posture, better quality than average mattress es and keep their shape and feel for a longer period of time. Great quality and good for back support.",TRUE,Size,Three Quarter (107cm),Length,Extra Length (200cm),Configuration,Bed Set,mattress-world-hospitality---pocket-bed-set-7,50000,,100,continue,manual,7199,,TRUE,TRUE,,,,,FALSE,Hospitality - Pocket Bed Set,"Hospitality - Pocket Bed Set by Mattress World. Official Ortho Sleep Range – All Ortho Sleep Range Mattresses are Orthopedic Design. Made stronger to help improve posture, better quality than average mattress es and keep their shape and feel for a longer period of time. Great quality and good for back support. collection.",active
mattress-world-hospitality---pocket-bed-set,,,,Furniture > Beds & Accessories > Mattresses,,"Mattress World, Ortho Sleep Range – All Ortho Sleep Range Mattresses are Orthopedic Design. Made stronger to help improve posture, better quality than average mattress es and keep their shape and feel for a longer period of time. Great quality and good for back support.",TRUE,Size,Double (137cm),Length,Extra Length (200cm),Configuration,Bed Set,mattress-world-hospitality---pocket-bed-set-8,50000,,100,continue,manual,8399,,TRUE,TRUE,,,,,FALSE,Hospitality - Pocket Bed Set,"Hospitality - Pocket Bed Set by Mattress World. Official Ortho Sleep Range – All Ortho Sleep Range Mattresses are Orthopedic Design. Made stronger to help improve posture, better quality than average mattress es and keep their shape and feel for a longer period of time. Great quality and good for back support. collection.",active
mattress-world-hospitality---pocket-bed-set,,,,Furniture > Beds & Accessories > Mattresses,,"Mattress World, Ortho Sleep Range – All Ortho Sleep Range Mattresses are Orthopedic Design. Made stronger to help improve posture, better quality than average mattress es and keep their shape and feel for a longer period of time. Great quality and good for back support.",TRUE,Size,Queen (152cm),Length,Extra Length (200cm),Configuration,Bed Set,mattress-world-hospitality---pocket-bed-set-9,50000,,100,continue,manual,8399,,TRUE,TRUE,,,,,FALSE,Hospitality - Pocket Bed Set,"Hospitality - Pocket Bed Set by Mattress World. Official Ortho Sleep Range – All Ortho Sleep Range Mattresses are Orthopedic Design. Made stronger to help improve posture, better quality than average mattress es and keep their shape and feel for a longer period of time. Great quality and good for back support. collection.",active
mattress-world-hospitality---pocket-bed-set,,,,Furniture > Beds & Accessories > Mattresses,,"Mattress World, Ortho Sleep Range – All Ortho Sleep Range Mattresses are Orthopedic Design. Made stronger to help improve posture, better quality than average mattress es and keep their shape and feel for a longer period of time. Great quality and good for back support.",TRUE,Size,King (183cm),Length,Extra Length (200cm),Configuration,Bed Set,mattress-world-hospitality---pocket-bed-set-10,50000,,100,continue,manual,10799,,TRUE,TRUE,,,,,FALSE,Hospitality - Pocket Bed Set,"Hospitality - Pocket Bed Set by Mattress World. Official Ortho Sleep Range – All Ortho Sleep Range Mattresses are Orthopedic Design. Made stronger to help improve posture, better quality than average mattress es and keep their shape and feel for a longer period of time. Great quality and good for back support. collection.",active
rest-assured-st-andrews-base-set,ST Andrews Base Set,"<h3>ST Andrews Base Set</h3>
<p><strong>Manufacturer:</strong> Rest Assured<br/>
<strong>Range:</strong> Evolution Pocket Spring Collection</p>
<h4>Official Product Links & Guidelines:</h4>
<ul>
  <li><a href=""https://www.bedsonline.co.za/product/rest-assured-st-andrews-queen/"" target=""_blank"" rel=""noopener noreferrer"">https://www.bedsonline.co.za/product/rest-assured-st-andrews-queen/</a></li>
  <li><a href=""https://restassured.co.za/our-ranges/evolution/st-andrews/"" target=""_blank"" rel=""noopener noreferrer"">https://restassured.co.za/our-ranges/evolution/st-andrews/</a></li>
</ul>
",Rest Assured,Furniture > Beds & Accessories > Mattresses,Beds & Mattresses,"Rest Assured, Evolution Pocket Spring Collection",TRUE,Size,Single (91cm),Length,Standard (188cm),Configuration,Bed Set,rest-assured-st-andrews-base-set-1,50000,,100,continue,manual,8819,,TRUE,TRUE,,https://wondrous-baklava-e13b07.netlify.app/assets/products/rest_assured_Rest_Assured_Cambridge_Bed_Set.jpg,1,ST Andrews Base Set,FALSE,ST Andrews Base Set,ST Andrews Base Set by Rest Assured. Official Evolution Pocket Spring Collection collection.,active
rest-assured-st-andrews-base-set,,,,Furniture > Beds & Accessories > Mattresses,,"Rest Assured, Evolution Pocket Spring Collection",TRUE,Size,Three Quarter (107cm),Length,Standard (188cm),Configuration,Bed Set,rest-assured-st-andrews-base-set-2,50000,,100,continue,manual,10049,,TRUE,TRUE,,,,,FALSE,ST Andrews Base Set,ST Andrews Base Set by Rest Assured. Official Evolution Pocket Spring Collection collection.,active
rest-assured-st-andrews-base-set,,,,Furniture > Beds & Accessories > Mattresses,,"Rest Assured, Evolution Pocket Spring Collection",TRUE,Size,Double (137cm),Length,Standard (188cm),Configuration,Bed Set,rest-assured-st-andrews-base-set-3,50000,,100,continue,manual,12049,,TRUE,TRUE,,,,,FALSE,ST Andrews Base Set,ST Andrews Base Set by Rest Assured. Official Evolution Pocket Spring Collection collection.,active
rest-assured-st-andrews-base-set,,,,Furniture > Beds & Accessories > Mattresses,,"Rest Assured, Evolution Pocket Spring Collection",TRUE,Size,Queen (152cm),Length,Standard (188cm),Configuration,Bed Set,rest-assured-st-andrews-base-set-4,50000,,100,continue,manual,13149,,TRUE,TRUE,,,,,FALSE,ST Andrews Base Set,ST Andrews Base Set by Rest Assured. Official Evolution Pocket Spring Collection collection.,active
rest-assured-st-andrews-base-set,,,,Furniture > Beds & Accessories > Mattresses,,"Rest Assured, Evolution Pocket Spring Collection",TRUE,Size,King (183cm),Length,Standard (188cm),Configuration,Bed Set,rest-assured-st-andrews-base-set-5,50000,,100,continue,manual,16679,,TRUE,TRUE,,,,,FALSE,ST Andrews Base Set,ST Andrews Base Set by Rest Assured. Official Evolution Pocket Spring Collection collection.,active
rest-assured-st-andrews-base-set,,,,Furniture > Beds & Accessories > Mattresses,,"Rest Assured, Evolution Pocket Spring Collection",TRUE,Size,Single (91cm),Length,Standard (188cm),Configuration,Mattress Only,rest-assured-st-andrews-base-set-6,50000,,100,continue,manual,7159,,TRUE,TRUE,,,,,FALSE,ST Andrews Base Set,ST Andrews Base Set by Rest Assured. Official Evolution Pocket Spring Collection collection.,active
rest-assured-st-andrews-base-set,,,,Furniture > Beds & Accessories > Mattresses,,"Rest Assured, Evolution Pocket Spring Collection",TRUE,Size,Three Quarter (107cm),Length,Standard (188cm),Configuration,Mattress Only,rest-assured-st-andrews-base-set-7,50000,,100,continue,manual,8219,,TRUE,TRUE,,,,,FALSE,ST Andrews Base Set,ST Andrews Base Set by Rest Assured. Official Evolution Pocket Spring Collection collection.,active
rest-assured-st-andrews-base-set,,,,Furniture > Beds & Accessories > Mattresses,,"Rest Assured, Evolution Pocket Spring Collection",TRUE,Size,Double (137cm),Length,Standard (188cm),Configuration,Mattress Only,rest-assured-st-andrews-base-set-8,50000,,100,continue,manual,10019,,TRUE,TRUE,,,,,FALSE,ST Andrews Base Set,ST Andrews Base Set by Rest Assured. Official Evolution Pocket Spring Collection collection.,active
rest-assured-st-andrews-base-set,,,,Furniture > Beds & Accessories > Mattresses,,"Rest Assured, Evolution Pocket Spring Collection",TRUE,Size,Queen (152cm),Length,Standard (188cm),Configuration,Mattress Only,rest-assured-st-andrews-base-set-9,50000,,100,continue,manual,11069,,TRUE,TRUE,,,,,FALSE,ST Andrews Base Set,ST Andrews Base Set by Rest Assured. Official Evolution Pocket Spring Collection collection.,active
rest-assured-st-andrews-base-set,,,,Furniture > Beds & Accessories > Mattresses,,"Rest Assured, Evolution Pocket Spring Collection",TRUE,Size,King (183cm),Length,Standard (188cm),Configuration,Mattress Only,rest-assured-st-andrews-base-set-10,50000,,100,continue,manual,13369,,TRUE,TRUE,,,,,FALSE,ST Andrews Base Set,ST Andrews Base Set by Rest Assured. Official Evolution Pocket Spring Collection collection.,active
rest-assured-st-andrews-base-set,,,,Furniture > Beds & Accessories > Mattresses,,"Rest Assured, Evolution Pocket Spring Collection",TRUE,Size,Single (91cm),Length,Extra Length (200cm),Configuration,Bed Set,rest-assured-st-andrews-base-set-11,50000,,100,continue,manual,9529,,TRUE,TRUE,,,,,FALSE,ST Andrews Base Set,ST Andrews Base Set by Rest Assured. Official Evolution Pocket Spring Collection collection.,active
rest-assured-st-andrews-base-set,,,,Furniture > Beds & Accessories > Mattresses,,"Rest Assured, Evolution Pocket Spring Collection",TRUE,Size,Three Quarter (107cm),Length,Extra Length (200cm),Configuration,Bed Set,rest-assured-st-andrews-base-set-12,50000,,100,continue,manual,10859,,TRUE,TRUE,,,,,FALSE,ST Andrews Base Set,ST Andrews Base Set by Rest Assured. Official Evolution Pocket Spring Collection collection.,active
rest-assured-st-andrews-base-set,,,,Furniture > Beds & Accessories > Mattresses,,"Rest Assured, Evolution Pocket Spring Collection",TRUE,Size,Double (137cm),Length,Extra Length (200cm),Configuration,Bed Set,rest-assured-st-andrews-base-set-13,50000,,100,continue,manual,13019,,TRUE,TRUE,,,,,FALSE,ST Andrews Base Set,ST Andrews Base Set by Rest Assured. Official Evolution Pocket Spring Collection collection.,active
rest-assured-st-andrews-base-set,,,,Furniture > Beds & Accessories > Mattresses,,"Rest Assured, Evolution Pocket Spring Collection",TRUE,Size,Queen (152cm),Length,Extra Length (200cm),Configuration,Bed Set,rest-assured-st-andrews-base-set-14,50000,,100,continue,manual,14199,,TRUE,TRUE,,,,,FALSE,ST Andrews Base Set,ST Andrews Base Set by Rest Assured. Official Evolution Pocket Spring Collection collection.,active
rest-assured-st-andrews-base-set,,,,Furniture > Beds & Accessories > Mattresses,,"Rest Assured, Evolution Pocket Spring Collection",TRUE,Size,King (183cm),Length,Extra Length (200cm),Configuration,Bed Set,rest-assured-st-andrews-base-set-15,50000,,100,continue,manual,18019,,TRUE,TRUE,,,,,FALSE,ST Andrews Base Set,ST Andrews Base Set by Rest Assured. Official Evolution Pocket Spring Collection collection.,active
rest-assured-st-andrews-base-set,,,,Furniture > Beds & Accessories > Mattresses,,"Rest Assured, Evolution Pocket Spring Collection",TRUE,Size,Single (91cm),Length,Extra Length (200cm),Configuration,Mattress Only,rest-assured-st-andrews-base-set-16,50000,,100,continue,manual,7739,,TRUE,TRUE,,,,,FALSE,ST Andrews Base Set,ST Andrews Base Set by Rest Assured. Official Evolution Pocket Spring Collection collection.,active
rest-assured-st-andrews-base-set,,,,Furniture > Beds & Accessories > Mattresses,,"Rest Assured, Evolution Pocket Spring Collection",TRUE,Size,Three Quarter (107cm),Length,Extra Length (200cm),Configuration,Mattress Only,rest-assured-st-andrews-base-set-17,50000,,100,continue,manual,8879,,TRUE,TRUE,,,,,FALSE,ST Andrews Base Set,ST Andrews Base Set by Rest Assured. Official Evolution Pocket Spring Collection collection.,active
rest-assured-st-andrews-base-set,,,,Furniture > Beds & Accessories > Mattresses,,"Rest Assured, Evolution Pocket Spring Collection",TRUE,Size,Double (137cm),Length,Extra Length (200cm),Configuration,Mattress Only,rest-assured-st-andrews-base-set-18,50000,,100,continue,manual,10819,,TRUE,TRUE,,,,,FALSE,ST Andrews Base Set,ST Andrews Base Set by Rest Assured. Official Evolution Pocket Spring Collection collection.,active
rest-assured-st-andrews-base-set,,,,Furniture > Beds & Accessories > Mattresses,,"Rest Assured, Evolution Pocket Spring Collection",TRUE,Size,Queen (152cm),Length,Extra Length (200cm),Configuration,Mattress Only,rest-assured-st-andrews-base-set-19,50000,,100,continue,manual,11959,,TRUE,TRUE,,,,,FALSE,ST Andrews Base Set,ST Andrews Base Set by Rest Assured. Official Evolution Pocket Spring Collection collection.,active
rest-assured-st-andrews-base-set,,,,Furniture > Beds & Accessories > Mattresses,,"Rest Assured, Evolution Pocket Spring Collection",TRUE,Size,King (183cm),Length,Extra Length (200cm),Configuration,Mattress Only,rest-assured-st-andrews-base-set-20,50000,,100,continue,manual,14439,,TRUE,TRUE,,,,,FALSE,ST Andrews Base Set,ST Andrews Base Set by Rest Assured. Official Evolution Pocket Spring Collection collection.,active
rest-assured-cambridge-base-set,Cambridge Base Set,"<h3>Cambridge Base Set</h3>
<p><strong>Manufacturer:</strong> Rest Assured<br/>
<strong>Range:</strong> Evolution Pocket Spring Collection</p>
<h4>Official Product Links & Guidelines:</h4>
<ul>
  <li><a href=""https://www.bedsonline.co.za/product/rest-assured-cambridge-queen/"" target=""_blank"" rel=""noopener noreferrer"">https://www.bedsonline.co.za/product/rest-assured-cambridge-queen/</a></li>
  <li><a href=""https://restassured.co.za/our-ranges/evolution/cambridge/"" target=""_blank"" rel=""noopener noreferrer"">https://restassured.co.za/our-ranges/evolution/cambridge/</a></li>
</ul>
",Rest Assured,Furniture > Beds & Accessories > Mattresses,Beds & Mattresses,"Rest Assured, Evolution Pocket Spring Collection",TRUE,Size,Single (91cm),Length,Standard (188cm),Configuration,Bed Set,rest-assured-cambridge-base-set-1,50000,,100,continue,manual,12419,,TRUE,TRUE,,https://wondrous-baklava-e13b07.netlify.app/assets/products/rest_assured_Rest_Assured_Cambridge_Bed_Set.jpg,1,Cambridge Base Set,FALSE,Cambridge Base Set,Cambridge Base Set by Rest Assured. Official Evolution Pocket Spring Collection collection.,active
rest-assured-cambridge-base-set,,,,Furniture > Beds & Accessories > Mattresses,,"Rest Assured, Evolution Pocket Spring Collection",TRUE,Size,Three Quarter (107cm),Length,Standard (188cm),Configuration,Bed Set,rest-assured-cambridge-base-set-2,50000,,100,continue,manual,14029,,TRUE,TRUE,,,,,FALSE,Cambridge Base Set,Cambridge Base Set by Rest Assured. Official Evolution Pocket Spring Collection collection.,active
rest-assured-cambridge-base-set,,,,Furniture > Beds & Accessories > Mattresses,,"Rest Assured, Evolution Pocket Spring Collection",TRUE,Size,Double (137cm),Length,Standard (188cm),Configuration,Bed Set,rest-assured-cambridge-base-set-3,50000,,100,continue,manual,17029,,TRUE,TRUE,,,,,FALSE,Cambridge Base Set,Cambridge Base Set by Rest Assured. Official Evolution Pocket Spring Collection collection.,active
rest-assured-cambridge-base-set,,,,Furniture > Beds & Accessories > Mattresses,,"Rest Assured, Evolution Pocket Spring Collection",TRUE,Size,Queen (152cm),Length,Standard (188cm),Configuration,Bed Set,rest-assured-cambridge-base-set-4,50000,,100,continue,manual,18399,,TRUE,TRUE,,,,,FALSE,Cambridge Base Set,Cambridge Base Set by Rest Assured. Official Evolution Pocket Spring Collection collection.,active
rest-assured-cambridge-base-set,,,,Furniture > Beds & Accessories > Mattresses,,"Rest Assured, Evolution Pocket Spring Collection",TRUE,Size,King (183cm),Length,Standard (188cm),Configuration,Bed Set,rest-assured-cambridge-base-set-5,50000,,100,continue,manual,22709,,TRUE,TRUE,,,,,FALSE,Cambridge Base Set,Cambridge Base Set by Rest Assured. Official Evolution Pocket Spring Collection collection.,active
rest-assured-cambridge-base-set,,,,Furniture > Beds & Accessories > Mattresses,,"Rest Assured, Evolution Pocket Spring Collection",TRUE,Size,Single (91cm),Length,Standard (188cm),Configuration,Mattress Only,rest-assured-cambridge-base-set-6,50000,,100,continue,manual,10769,,TRUE,TRUE,,,,,FALSE,Cambridge Base Set,Cambridge Base Set by Rest Assured. Official Evolution Pocket Spring Collection collection.,active
rest-assured-cambridge-base-set,,,,Furniture > Beds & Accessories > Mattresses,,"Rest Assured, Evolution Pocket Spring Collection",TRUE,Size,Three Quarter (107cm),Length,Standard (188cm),Configuration,Mattress Only,rest-assured-cambridge-base-set-7,50000,,100,continue,manual,12199,,TRUE,TRUE,,,,,FALSE,Cambridge Base Set,Cambridge Base Set by Rest Assured. Official Evolution Pocket Spring Collection collection.,active
rest-assured-cambridge-base-set,,,,Furniture > Beds & Accessories > Mattresses,,"Rest Assured, Evolution Pocket Spring Collection",TRUE,Size,Double (137cm),Length,Standard (188cm),Configuration,Mattress Only,rest-assured-cambridge-base-set-8,50000,,100,continue,manual,14999,,TRUE,TRUE,,,,,FALSE,Cambridge Base Set,Cambridge Base Set by Rest Assured. Official Evolution Pocket Spring Collection collection.,active
rest-assured-cambridge-base-set,,,,Furniture > Beds & Accessories > Mattresses,,"Rest Assured, Evolution Pocket Spring Collection",TRUE,Size,Queen (152cm),Length,Standard (188cm),Configuration,Mattress Only,rest-assured-cambridge-base-set-9,50000,,100,continue,manual,16319,,TRUE,TRUE,,,,,FALSE,Cambridge Base Set,Cambridge Base Set by Rest Assured. Official Evolution Pocket Spring Collection collection.,active
rest-assured-cambridge-base-set,,,,Furniture > Beds & Accessories > Mattresses,,"Rest Assured, Evolution Pocket Spring Collection",TRUE,Size,King (183cm),Length,Standard (188cm),Configuration,Mattress Only,rest-assured-cambridge-base-set-10,50000,,100,continue,manual,19399,,TRUE,TRUE,,,,,FALSE,Cambridge Base Set,Cambridge Base Set by Rest Assured. Official Evolution Pocket Spring Collection collection.,active
rest-assured-cambridge-base-set,,,,Furniture > Beds & Accessories > Mattresses,,"Rest Assured, Evolution Pocket Spring Collection",TRUE,Size,Single (91cm),Length,Extra Length (200cm),Configuration,Bed Set,rest-assured-cambridge-base-set-11,50000,,100,continue,manual,13419,,TRUE,TRUE,,,,,FALSE,Cambridge Base Set,Cambridge Base Set by Rest Assured. Official Evolution Pocket Spring Collection collection.,active
rest-assured-cambridge-base-set,,,,Furniture > Beds & Accessories > Mattresses,,"Rest Assured, Evolution Pocket Spring Collection",TRUE,Size,Three Quarter (107cm),Length,Extra Length (200cm),Configuration,Bed Set,rest-assured-cambridge-base-set-12,50000,,100,continue,manual,15159,,TRUE,TRUE,,,,,FALSE,Cambridge Base Set,Cambridge Base Set by Rest Assured. Official Evolution Pocket Spring Collection collection.,active
rest-assured-cambridge-base-set,,,,Furniture > Beds & Accessories > Mattresses,,"Rest Assured, Evolution Pocket Spring Collection",TRUE,Size,Double (137cm),Length,Extra Length (200cm),Configuration,Bed Set,rest-assured-cambridge-base-set-13,50000,,100,continue,manual,18399,,TRUE,TRUE,,,,,FALSE,Cambridge Base Set,Cambridge Base Set by Rest Assured. Official Evolution Pocket Spring Collection collection.,active
rest-assured-cambridge-base-set,,,,Furniture > Beds & Accessories > Mattresses,,"Rest Assured, Evolution Pocket Spring Collection",TRUE,Size,Queen (152cm),Length,Extra Length (200cm),Configuration,Bed Set,rest-assured-cambridge-base-set-14,50000,,100,continue,manual,19869,,TRUE,TRUE,,,,,FALSE,Cambridge Base Set,Cambridge Base Set by Rest Assured. Official Evolution Pocket Spring Collection collection.,active
rest-assured-cambridge-base-set,,,,Furniture > Beds & Accessories > Mattresses,,"Rest Assured, Evolution Pocket Spring Collection",TRUE,Size,King (183cm),Length,Extra Length (200cm),Configuration,Bed Set,rest-assured-cambridge-base-set-15,50000,,100,continue,manual,24529,,TRUE,TRUE,,,,,FALSE,Cambridge Base Set,Cambridge Base Set by Rest Assured. Official Evolution Pocket Spring Collection collection.,active
rest-assured-cambridge-base-set,,,,Furniture > Beds & Accessories > Mattresses,,"Rest Assured, Evolution Pocket Spring Collection",TRUE,Size,Single (91cm),Length,Extra Length (200cm),Configuration,Mattress Only,rest-assured-cambridge-base-set-16,50000,,100,continue,manual,11629,,TRUE,TRUE,,,,,FALSE,Cambridge Base Set,Cambridge Base Set by Rest Assured. Official Evolution Pocket Spring Collection collection.,active
rest-assured-cambridge-base-set,,,,Furniture > Beds & Accessories > Mattresses,,"Rest Assured, Evolution Pocket Spring Collection",TRUE,Size,Three Quarter (107cm),Length,Extra Length (200cm),Configuration,Mattress Only,rest-assured-cambridge-base-set-17,50000,,100,continue,manual,13179,,TRUE,TRUE,,,,,FALSE,Cambridge Base Set,Cambridge Base Set by Rest Assured. Official Evolution Pocket Spring Collection collection.,active
rest-assured-cambridge-base-set,,,,Furniture > Beds & Accessories > Mattresses,,"Rest Assured, Evolution Pocket Spring Collection",TRUE,Size,Double (137cm),Length,Extra Length (200cm),Configuration,Mattress Only,rest-assured-cambridge-base-set-18,50000,,100,continue,manual,16199,,TRUE,TRUE,,,,,FALSE,Cambridge Base Set,Cambridge Base Set by Rest Assured. Official Evolution Pocket Spring Collection collection.,active
rest-assured-cambridge-base-set,,,,Furniture > Beds & Accessories > Mattresses,,"Rest Assured, Evolution Pocket Spring Collection",TRUE,Size,Queen (152cm),Length,Extra Length (200cm),Configuration,Mattress Only,rest-assured-cambridge-base-set-19,50000,,100,continue,manual,17629,,TRUE,TRUE,,,,,FALSE,Cambridge Base Set,Cambridge Base Set by Rest Assured. Official Evolution Pocket Spring Collection collection.,active
rest-assured-cambridge-base-set,,,,Furniture > Beds & Accessories > Mattresses,,"Rest Assured, Evolution Pocket Spring Collection",TRUE,Size,King (183cm),Length,Extra Length (200cm),Configuration,Mattress Only,rest-assured-cambridge-base-set-20,50000,,100,continue,manual,20949,,TRUE,TRUE,,,,,FALSE,Cambridge Base Set,Cambridge Base Set by Rest Assured. Official Evolution Pocket Spring Collection collection.,active
rest-assured-somerset-base-set,Somerset Base Set,"<h3>Somerset Base Set</h3>
<p><strong>Manufacturer:</strong> Rest Assured<br/>
<strong>Range:</strong> Evolution Pocket Spring Collection</p>
<h4>Official Product Links & Guidelines:</h4>
<ul>
  <li><a href=""https://www.bedsonline.co.za/product/rest-assured-somerset-king/"" target=""_blank"" rel=""noopener noreferrer"">https://www.bedsonline.co.za/product/rest-assured-somerset-king/</a></li>
  <li><a href=""https://restassured.co.za/our-ranges/evolution/somerset/"" target=""_blank"" rel=""noopener noreferrer"">https://restassured.co.za/our-ranges/evolution/somerset/</a></li>
</ul>
",Rest Assured,Furniture > Beds & Accessories > Mattresses,Beds & Mattresses,"Rest Assured, Evolution Pocket Spring Collection",TRUE,Size,Single (91cm),Length,Standard (188cm),Configuration,Bed Set,rest-assured-somerset-base-set-1,50000,,100,continue,manual,6129,,TRUE,TRUE,,https://wondrous-baklava-e13b07.netlify.app/assets/products/rest_assured_Rest_Assured_Cambridge_Bed_Set.jpg,1,Somerset Base Set,FALSE,Somerset Base Set,Somerset Base Set by Rest Assured. Official Evolution Pocket Spring Collection collection.,active
rest-assured-somerset-base-set,,,,Furniture > Beds & Accessories > Mattresses,,"Rest Assured, Evolution Pocket Spring Collection",TRUE,Size,Three Quarter (107cm),Length,Standard (188cm),Configuration,Bed Set,rest-assured-somerset-base-set-2,50000,,100,continue,manual,6899,,TRUE,TRUE,,,,,FALSE,Somerset Base Set,Somerset Base Set by Rest Assured. Official Evolution Pocket Spring Collection collection.,active
rest-assured-somerset-base-set,,,,Furniture > Beds & Accessories > Mattresses,,"Rest Assured, Evolution Pocket Spring Collection",TRUE,Size,Double (137cm),Length,Standard (188cm),Configuration,Bed Set,rest-assured-somerset-base-set-3,50000,,100,continue,manual,8169,,TRUE,TRUE,,,,,FALSE,Somerset Base Set,Somerset Base Set by Rest Assured. Official Evolution Pocket Spring Collection collection.,active
rest-assured-somerset-base-set,,,,Furniture > Beds & Accessories > Mattresses,,"Rest Assured, Evolution Pocket Spring Collection",TRUE,Size,Queen (152cm),Length,Standard (188cm),Configuration,Bed Set,rest-assured-somerset-base-set-4,50000,,100,continue,manual,8819,,TRUE,TRUE,,,,,FALSE,Somerset Base Set,Somerset Base Set by Rest Assured. Official Evolution Pocket Spring Collection collection.,active
rest-assured-somerset-base-set,,,,Furniture > Beds & Accessories > Mattresses,,"Rest Assured, Evolution Pocket Spring Collection",TRUE,Size,King (183cm),Length,Standard (188cm),Configuration,Bed Set,rest-assured-somerset-base-set-5,50000,,100,continue,manual,11309,,TRUE,TRUE,,,,,FALSE,Somerset Base Set,Somerset Base Set by Rest Assured. Official Evolution Pocket Spring Collection collection.,active
rest-assured-somerset-base-set,,,,Furniture > Beds & Accessories > Mattresses,,"Rest Assured, Evolution Pocket Spring Collection",TRUE,Size,Single (91cm),Length,Standard (188cm),Configuration,Mattress Only,rest-assured-somerset-base-set-6,50000,,100,continue,manual,4479,,TRUE,TRUE,,,,,FALSE,Somerset Base Set,Somerset Base Set by Rest Assured. Official Evolution Pocket Spring Collection collection.,active
rest-assured-somerset-base-set,,,,Furniture > Beds & Accessories > Mattresses,,"Rest Assured, Evolution Pocket Spring Collection",TRUE,Size,Three Quarter (107cm),Length,Standard (188cm),Configuration,Mattress Only,rest-assured-somerset-base-set-7,50000,,100,continue,manual,5069,,TRUE,TRUE,,,,,FALSE,Somerset Base Set,Somerset Base Set by Rest Assured. Official Evolution Pocket Spring Collection collection.,active
rest-assured-somerset-base-set,,,,Furniture > Beds & Accessories > Mattresses,,"Rest Assured, Evolution Pocket Spring Collection",TRUE,Size,Double (137cm),Length,Standard (188cm),Configuration,Mattress Only,rest-assured-somerset-base-set-8,50000,,100,continue,manual,6139,,TRUE,TRUE,,,,,FALSE,Somerset Base Set,Somerset Base Set by Rest Assured. Official Evolution Pocket Spring Collection collection.,active
rest-assured-somerset-base-set,,,,Furniture > Beds & Accessories > Mattresses,,"Rest Assured, Evolution Pocket Spring Collection",TRUE,Size,Queen (152cm),Length,Standard (188cm),Configuration,Mattress Only,rest-assured-somerset-base-set-9,50000,,100,continue,manual,6739,,TRUE,TRUE,,,,,FALSE,Somerset Base Set,Somerset Base Set by Rest Assured. Official Evolution Pocket Spring Collection collection.,active
rest-assured-somerset-base-set,,,,Furniture > Beds & Accessories > Mattresses,,"Rest Assured, Evolution Pocket Spring Collection",TRUE,Size,King (183cm),Length,Standard (188cm),Configuration,Mattress Only,rest-assured-somerset-base-set-10,50000,,100,continue,manual,7999,,TRUE,TRUE,,,,,FALSE,Somerset Base Set,Somerset Base Set by Rest Assured. Official Evolution Pocket Spring Collection collection.,active
rest-assured-somerset-base-set,,,,Furniture > Beds & Accessories > Mattresses,,"Rest Assured, Evolution Pocket Spring Collection",TRUE,Size,Single (91cm),Length,Extra Length (200cm),Configuration,Bed Set,rest-assured-somerset-base-set-11,50000,,100,continue,manual,6619,,TRUE,TRUE,,,,,FALSE,Somerset Base Set,Somerset Base Set by Rest Assured. Official Evolution Pocket Spring Collection collection.,active
rest-assured-somerset-base-set,,,,Furniture > Beds & Accessories > Mattresses,,"Rest Assured, Evolution Pocket Spring Collection",TRUE,Size,Three Quarter (107cm),Length,Extra Length (200cm),Configuration,Bed Set,rest-assured-somerset-base-set-12,50000,,100,continue,manual,7449,,TRUE,TRUE,,,,,FALSE,Somerset Base Set,Somerset Base Set by Rest Assured. Official Evolution Pocket Spring Collection collection.,active
rest-assured-somerset-base-set,,,,Furniture > Beds & Accessories > Mattresses,,"Rest Assured, Evolution Pocket Spring Collection",TRUE,Size,Double (137cm),Length,Extra Length (200cm),Configuration,Bed Set,rest-assured-somerset-base-set-13,50000,,100,continue,manual,8829,,TRUE,TRUE,,,,,FALSE,Somerset Base Set,Somerset Base Set by Rest Assured. Official Evolution Pocket Spring Collection collection.,active
rest-assured-somerset-base-set,,,,Furniture > Beds & Accessories > Mattresses,,"Rest Assured, Evolution Pocket Spring Collection",TRUE,Size,Queen (152cm),Length,Extra Length (200cm),Configuration,Bed Set,rest-assured-somerset-base-set-14,50000,,100,continue,manual,9529,,TRUE,TRUE,,,,,FALSE,Somerset Base Set,Somerset Base Set by Rest Assured. Official Evolution Pocket Spring Collection collection.,active
rest-assured-somerset-base-set,,,,Furniture > Beds & Accessories > Mattresses,,"Rest Assured, Evolution Pocket Spring Collection",TRUE,Size,King (183cm),Length,Extra Length (200cm),Configuration,Bed Set,rest-assured-somerset-base-set-15,50000,,100,continue,manual,12219,,TRUE,TRUE,,,,,FALSE,Somerset Base Set,Somerset Base Set by Rest Assured. Official Evolution Pocket Spring Collection collection.,active
rest-assured-somerset-base-set,,,,Furniture > Beds & Accessories > Mattresses,,"Rest Assured, Evolution Pocket Spring Collection",TRUE,Size,Single (91cm),Length,Extra Length (200cm),Configuration,Mattress Only,rest-assured-somerset-base-set-16,50000,,100,continue,manual,4839,,TRUE,TRUE,,,,,FALSE,Somerset Base Set,Somerset Base Set by Rest Assured. Official Evolution Pocket Spring Collection collection.,active
rest-assured-somerset-base-set,,,,Furniture > Beds & Accessories > Mattresses,,"Rest Assured, Evolution Pocket Spring Collection",TRUE,Size,Three Quarter (107cm),Length,Extra Length (200cm),Configuration,Mattress Only,rest-assured-somerset-base-set-17,50000,,100,continue,manual,5479,,TRUE,TRUE,,,,,FALSE,Somerset Base Set,Somerset Base Set by Rest Assured. Official Evolution Pocket Spring Collection collection.,active
rest-assured-somerset-base-set,,,,Furniture > Beds & Accessories > Mattresses,,"Rest Assured, Evolution Pocket Spring Collection",TRUE,Size,Double (137cm),Length,Extra Length (200cm),Configuration,Mattress Only,rest-assured-somerset-base-set-18,50000,,100,continue,manual,6629,,TRUE,TRUE,,,,,FALSE,Somerset Base Set,Somerset Base Set by Rest Assured. Official Evolution Pocket Spring Collection collection.,active
rest-assured-somerset-base-set,,,,Furniture > Beds & Accessories > Mattresses,,"Rest Assured, Evolution Pocket Spring Collection",TRUE,Size,Queen (152cm),Length,Extra Length (200cm),Configuration,Mattress Only,rest-assured-somerset-base-set-19,50000,,100,continue,manual,7279,,TRUE,TRUE,,,,,FALSE,Somerset Base Set,Somerset Base Set by Rest Assured. Official Evolution Pocket Spring Collection collection.,active
rest-assured-somerset-base-set,,,,Furniture > Beds & Accessories > Mattresses,,"Rest Assured, Evolution Pocket Spring Collection",TRUE,Size,King (183cm),Length,Extra Length (200cm),Configuration,Mattress Only,rest-assured-somerset-base-set-20,50000,,100,continue,manual,8639,,TRUE,TRUE,,,,,FALSE,Somerset Base Set,Somerset Base Set by Rest Assured. Official Evolution Pocket Spring Collection collection.,active
rest-assured-arctic-gentle-base-set,Arctic Gentle Base Set,"<h3>Arctic Gentle Base Set</h3>
<p><strong>Manufacturer:</strong> Rest Assured<br/>
<strong>Range:</strong> Evolution Pocket Spring Collection</p>
<h4>Official Product Links & Guidelines:</h4>
<ul>
  <li><a href=""https://www.bedsonline.co.za/product/rest-assured-arctic-gentle-queen/"" target=""_blank"" rel=""noopener noreferrer"">https://www.bedsonline.co.za/product/rest-assured-arctic-gentle-queen/</a></li>
  <li><a href=""https://restassured.co.za/our-ranges/evolution/arctic/"" target=""_blank"" rel=""noopener noreferrer"">https://restassured.co.za/our-ranges/evolution/arctic/</a></li>
</ul>
",Rest Assured,Furniture > Beds & Accessories > Mattresses,Beds & Mattresses,"Rest Assured, Evolution Pocket Spring Collection",TRUE,Size,Single (91cm),Length,Standard (188cm),Configuration,Bed Set,rest-assured-arctic-gentle-base-set-1,50000,,100,continue,manual,15329,,TRUE,TRUE,,https://wondrous-baklava-e13b07.netlify.app/assets/products/rest_assured_Rest_Assured_Cambridge_Bed_Set.jpg,1,Arctic Gentle Base Set,FALSE,Arctic Gentle Base Set,Arctic Gentle Base Set by Rest Assured. Official Evolution Pocket Spring Collection collection.,active
rest-assured-arctic-gentle-base-set,,,,Furniture > Beds & Accessories > Mattresses,,"Rest Assured, Evolution Pocket Spring Collection",TRUE,Size,Three Quarter (107cm),Length,Standard (188cm),Configuration,Bed Set,rest-assured-arctic-gentle-base-set-2,50000,,100,continue,manual,19439,,TRUE,TRUE,,,,,FALSE,Arctic Gentle Base Set,Arctic Gentle Base Set by Rest Assured. Official Evolution Pocket Spring Collection collection.,active
rest-assured-arctic-gentle-base-set,,,,Furniture > Beds & Accessories > Mattresses,,"Rest Assured, Evolution Pocket Spring Collection",TRUE,Size,Double (137cm),Length,Standard (188cm),Configuration,Bed Set,rest-assured-arctic-gentle-base-set-3,50000,,100,continue,manual,22369,,TRUE,TRUE,,,,,FALSE,Arctic Gentle Base Set,Arctic Gentle Base Set by Rest Assured. Official Evolution Pocket Spring Collection collection.,active
rest-assured-arctic-gentle-base-set,,,,Furniture > Beds & Accessories > Mattresses,,"Rest Assured, Evolution Pocket Spring Collection",TRUE,Size,Queen (152cm),Length,Standard (188cm),Configuration,Bed Set,rest-assured-arctic-gentle-base-set-4,50000,,100,continue,manual,24109,,TRUE,TRUE,,,,,FALSE,Arctic Gentle Base Set,Arctic Gentle Base Set by Rest Assured. Official Evolution Pocket Spring Collection collection.,active
rest-assured-arctic-gentle-base-set,,,,Furniture > Beds & Accessories > Mattresses,,"Rest Assured, Evolution Pocket Spring Collection",TRUE,Size,King (183cm),Length,Standard (188cm),Configuration,Bed Set,rest-assured-arctic-gentle-base-set-5,50000,,100,continue,manual,29349,,TRUE,TRUE,,,,,FALSE,Arctic Gentle Base Set,Arctic Gentle Base Set by Rest Assured. Official Evolution Pocket Spring Collection collection.,active
rest-assured-arctic-gentle-base-set,,,,Furniture > Beds & Accessories > Mattresses,,"Rest Assured, Evolution Pocket Spring Collection",TRUE,Size,Single (91cm),Length,Standard (188cm),Configuration,Mattress Only,rest-assured-arctic-gentle-base-set-6,50000,,100,continue,manual,13669,,TRUE,TRUE,,,,,FALSE,Arctic Gentle Base Set,Arctic Gentle Base Set by Rest Assured. Official Evolution Pocket Spring Collection collection.,active
rest-assured-arctic-gentle-base-set,,,,Furniture > Beds & Accessories > Mattresses,,"Rest Assured, Evolution Pocket Spring Collection",TRUE,Size,Three Quarter (107cm),Length,Standard (188cm),Configuration,Mattress Only,rest-assured-arctic-gentle-base-set-7,50000,,100,continue,manual,17599,,TRUE,TRUE,,,,,FALSE,Arctic Gentle Base Set,Arctic Gentle Base Set by Rest Assured. Official Evolution Pocket Spring Collection collection.,active
rest-assured-arctic-gentle-base-set,,,,Furniture > Beds & Accessories > Mattresses,,"Rest Assured, Evolution Pocket Spring Collection",TRUE,Size,Double (137cm),Length,Standard (188cm),Configuration,Mattress Only,rest-assured-arctic-gentle-base-set-8,50000,,100,continue,manual,20339,,TRUE,TRUE,,,,,FALSE,Arctic Gentle Base Set,Arctic Gentle Base Set by Rest Assured. Official Evolution Pocket Spring Collection collection.,active
rest-assured-arctic-gentle-base-set,,,,Furniture > Beds & Accessories > Mattresses,,"Rest Assured, Evolution Pocket Spring Collection",TRUE,Size,Queen (152cm),Length,Standard (188cm),Configuration,Mattress Only,rest-assured-arctic-gentle-base-set-9,50000,,100,continue,manual,22029,,TRUE,TRUE,,,,,FALSE,Arctic Gentle Base Set,Arctic Gentle Base Set by Rest Assured. Official Evolution Pocket Spring Collection collection.,active
rest-assured-arctic-gentle-base-set,,,,Furniture > Beds & Accessories > Mattresses,,"Rest Assured, Evolution Pocket Spring Collection",TRUE,Size,King (183cm),Length,Standard (188cm),Configuration,Mattress Only,rest-assured-arctic-gentle-base-set-10,50000,,100,continue,manual,26029,,TRUE,TRUE,,,,,FALSE,Arctic Gentle Base Set,Arctic Gentle Base Set by Rest Assured. Official Evolution Pocket Spring Collection collection.,active
rest-assured-arctic-gentle-base-set,,,,Furniture > Beds & Accessories > Mattresses,,"Rest Assured, Evolution Pocket Spring Collection",TRUE,Size,Single (91cm),Length,Extra Length (200cm),Configuration,Bed Set,rest-assured-arctic-gentle-base-set-11,50000,,100,continue,manual,16559,,TRUE,TRUE,,,,,FALSE,Arctic Gentle Base Set,Arctic Gentle Base Set by Rest Assured. Official Evolution Pocket Spring Collection collection.,active
rest-assured-arctic-gentle-base-set,,,,Furniture > Beds & Accessories > Mattresses,,"Rest Assured, Evolution Pocket Spring Collection",TRUE,Size,Three Quarter (107cm),Length,Extra Length (200cm),Configuration,Bed Set,rest-assured-arctic-gentle-base-set-12,50000,,100,continue,manual,20999,,TRUE,TRUE,,,,,FALSE,Arctic Gentle Base Set,Arctic Gentle Base Set by Rest Assured. Official Evolution Pocket Spring Collection collection.,active
rest-assured-arctic-gentle-base-set,,,,Furniture > Beds & Accessories > Mattresses,,"Rest Assured, Evolution Pocket Spring Collection",TRUE,Size,Double (137cm),Length,Extra Length (200cm),Configuration,Bed Set,rest-assured-arctic-gentle-base-set-13,50000,,100,continue,manual,24159,,TRUE,TRUE,,,,,FALSE,Arctic Gentle Base Set,Arctic Gentle Base Set by Rest Assured. Official Evolution Pocket Spring Collection collection.,active
rest-assured-arctic-gentle-base-set,,,,Furniture > Beds & Accessories > Mattresses,,"Rest Assured, Evolution Pocket Spring Collection",TRUE,Size,Queen (152cm),Length,Extra Length (200cm),Configuration,Bed Set,rest-assured-arctic-gentle-base-set-14,50000,,100,continue,manual,26039,,TRUE,TRUE,,,,,FALSE,Arctic Gentle Base Set,Arctic Gentle Base Set by Rest Assured. Official Evolution Pocket Spring Collection collection.,active
rest-assured-arctic-gentle-base-set,,,,Furniture > Beds & Accessories > Mattresses,,"Rest Assured, Evolution Pocket Spring Collection",TRUE,Size,King (183cm),Length,Extra Length (200cm),Configuration,Bed Set,rest-assured-arctic-gentle-base-set-15,50000,,100,continue,manual,31699,,TRUE,TRUE,,,,,FALSE,Arctic Gentle Base Set,Arctic Gentle Base Set by Rest Assured. Official Evolution Pocket Spring Collection collection.,active
rest-assured-arctic-gentle-base-set,,,,Furniture > Beds & Accessories > Mattresses,,"Rest Assured, Evolution Pocket Spring Collection",TRUE,Size,Single (91cm),Length,Extra Length (200cm),Configuration,Mattress Only,rest-assured-arctic-gentle-base-set-16,50000,,100,continue,manual,14769,,TRUE,TRUE,,,,,FALSE,Arctic Gentle Base Set,Arctic Gentle Base Set by Rest Assured. Official Evolution Pocket Spring Collection collection.,active
rest-assured-arctic-gentle-base-set,,,,Furniture > Beds & Accessories > Mattresses,,"Rest Assured, Evolution Pocket Spring Collection",TRUE,Size,Three Quarter (107cm),Length,Extra Length (200cm),Configuration,Mattress Only,rest-assured-arctic-gentle-base-set-17,50000,,100,continue,manual,19009,,TRUE,TRUE,,,,,FALSE,Arctic Gentle Base Set,Arctic Gentle Base Set by Rest Assured. Official Evolution Pocket Spring Collection collection.,active
rest-assured-arctic-gentle-base-set,,,,Furniture > Beds & Accessories > Mattresses,,"Rest Assured, Evolution Pocket Spring Collection",TRUE,Size,Double (137cm),Length,Extra Length (200cm),Configuration,Mattress Only,rest-assured-arctic-gentle-base-set-18,50000,,100,continue,manual,21969,,TRUE,TRUE,,,,,FALSE,Arctic Gentle Base Set,Arctic Gentle Base Set by Rest Assured. Official Evolution Pocket Spring Collection collection.,active
rest-assured-arctic-gentle-base-set,,,,Furniture > Beds & Accessories > Mattresses,,"Rest Assured, Evolution Pocket Spring Collection",TRUE,Size,Queen (152cm),Length,Extra Length (200cm),Configuration,Mattress Only,rest-assured-arctic-gentle-base-set-19,50000,,100,continue,manual,23799,,TRUE,TRUE,,,,,FALSE,Arctic Gentle Base Set,Arctic Gentle Base Set by Rest Assured. Official Evolution Pocket Spring Collection collection.,active
rest-assured-arctic-gentle-base-set,,,,Furniture > Beds & Accessories > Mattresses,,"Rest Assured, Evolution Pocket Spring Collection",TRUE,Size,King (183cm),Length,Extra Length (200cm),Configuration,Mattress Only,rest-assured-arctic-gentle-base-set-20,50000,,100,continue,manual,28119,,TRUE,TRUE,,,,,FALSE,Arctic Gentle Base Set,Arctic Gentle Base Set by Rest Assured. Official Evolution Pocket Spring Collection collection.,active
rest-assured-body-balance-base-set,Body Balance Base Set,"<h3>Body Balance Base Set</h3>
<p><strong>Manufacturer:</strong> Rest Assured<br/>
<strong>Range:</strong> Evolution Pocket Spring Collection</p>
<h4>Official Product Links & Guidelines:</h4>
<ul>
  <li><a href=""https://www.bedsonline.co.za/product/rest-assured-body-balance-queen/"" target=""_blank"" rel=""noopener noreferrer"">https://www.bedsonline.co.za/product/rest-assured-body-balance-queen/</a></li>
  <li><a href=""https://restassured.co.za/our-ranges/evolution/body-balance/"" target=""_blank"" rel=""noopener noreferrer"">https://restassured.co.za/our-ranges/evolution/body-balance/</a></li>
</ul>
",Rest Assured,Furniture > Beds & Accessories > Mattresses,Beds & Mattresses,"Rest Assured, Evolution Pocket Spring Collection",TRUE,Size,Single (91cm),Length,Standard (188cm),Configuration,Bed Set,rest-assured-body-balance-base-set-1,50000,,100,continue,manual,11099,,TRUE,TRUE,,https://wondrous-baklava-e13b07.netlify.app/assets/products/rest_assured_Rest_Assured_Cambridge_Bed_Set.jpg,1,Body Balance Base Set,FALSE,Body Balance Base Set,Body Balance Base Set by Rest Assured. Official Evolution Pocket Spring Collection collection.,active
rest-assured-body-balance-base-set,,,,Furniture > Beds & Accessories > Mattresses,,"Rest Assured, Evolution Pocket Spring Collection",TRUE,Size,Three Quarter (107cm),Length,Standard (188cm),Configuration,Bed Set,rest-assured-body-balance-base-set-2,50000,,100,continue,manual,12639,,TRUE,TRUE,,,,,FALSE,Body Balance Base Set,Body Balance Base Set by Rest Assured. Official Evolution Pocket Spring Collection collection.,active
rest-assured-body-balance-base-set,,,,Furniture > Beds & Accessories > Mattresses,,"Rest Assured, Evolution Pocket Spring Collection",TRUE,Size,Double (137cm),Length,Standard (188cm),Configuration,Bed Set,rest-assured-body-balance-base-set-3,50000,,100,continue,manual,15189,,TRUE,TRUE,,,,,FALSE,Body Balance Base Set,Body Balance Base Set by Rest Assured. Official Evolution Pocket Spring Collection collection.,active
rest-assured-body-balance-base-set,,,,Furniture > Beds & Accessories > Mattresses,,"Rest Assured, Evolution Pocket Spring Collection",TRUE,Size,Queen (152cm),Length,Standard (188cm),Configuration,Bed Set,rest-assured-body-balance-base-set-4,50000,,100,continue,manual,16499,,TRUE,TRUE,,,,,FALSE,Body Balance Base Set,Body Balance Base Set by Rest Assured. Official Evolution Pocket Spring Collection collection.,active
rest-assured-body-balance-base-set,,,,Furniture > Beds & Accessories > Mattresses,,"Rest Assured, Evolution Pocket Spring Collection",TRUE,Size,King (183cm),Length,Standard (188cm),Configuration,Bed Set,rest-assured-body-balance-base-set-5,50000,,100,continue,manual,20379,,TRUE,TRUE,,,,,FALSE,Body Balance Base Set,Body Balance Base Set by Rest Assured. Official Evolution Pocket Spring Collection collection.,active
rest-assured-body-balance-base-set,,,,Furniture > Beds & Accessories > Mattresses,,"Rest Assured, Evolution Pocket Spring Collection",TRUE,Size,Single (91cm),Length,Standard (188cm),Configuration,Mattress Only,rest-assured-body-balance-base-set-6,50000,,100,continue,manual,9449,,TRUE,TRUE,,,,,FALSE,Body Balance Base Set,Body Balance Base Set by Rest Assured. Official Evolution Pocket Spring Collection collection.,active
rest-assured-body-balance-base-set,,,,Furniture > Beds & Accessories > Mattresses,,"Rest Assured, Evolution Pocket Spring Collection",TRUE,Size,Three Quarter (107cm),Length,Standard (188cm),Configuration,Mattress Only,rest-assured-body-balance-base-set-7,50000,,100,continue,manual,10809,,TRUE,TRUE,,,,,FALSE,Body Balance Base Set,Body Balance Base Set by Rest Assured. Official Evolution Pocket Spring Collection collection.,active
rest-assured-body-balance-base-set,,,,Furniture > Beds & Accessories > Mattresses,,"Rest Assured, Evolution Pocket Spring Collection",TRUE,Size,Double (137cm),Length,Standard (188cm),Configuration,Mattress Only,rest-assured-body-balance-base-set-8,50000,,100,continue,manual,13159,,TRUE,TRUE,,,,,FALSE,Body Balance Base Set,Body Balance Base Set by Rest Assured. Official Evolution Pocket Spring Collection collection.,active
rest-assured-body-balance-base-set,,,,Furniture > Beds & Accessories > Mattresses,,"Rest Assured, Evolution Pocket Spring Collection",TRUE,Size,Queen (152cm),Length,Standard (188cm),Configuration,Mattress Only,rest-assured-body-balance-base-set-9,50000,,100,continue,manual,14419,,TRUE,TRUE,,,,,FALSE,Body Balance Base Set,Body Balance Base Set by Rest Assured. Official Evolution Pocket Spring Collection collection.,active
rest-assured-body-balance-base-set,,,,Furniture > Beds & Accessories > Mattresses,,"Rest Assured, Evolution Pocket Spring Collection",TRUE,Size,King (183cm),Length,Standard (188cm),Configuration,Mattress Only,rest-assured-body-balance-base-set-10,50000,,100,continue,manual,17069,,TRUE,TRUE,,,,,FALSE,Body Balance Base Set,Body Balance Base Set by Rest Assured. Official Evolution Pocket Spring Collection collection.,active
rest-assured-body-balance-base-set,,,,Furniture > Beds & Accessories > Mattresses,,"Rest Assured, Evolution Pocket Spring Collection",TRUE,Size,Single (91cm),Length,Extra Length (200cm),Configuration,Bed Set,rest-assured-body-balance-base-set-11,50000,,100,continue,manual,11989,,TRUE,TRUE,,,,,FALSE,Body Balance Base Set,Body Balance Base Set by Rest Assured. Official Evolution Pocket Spring Collection collection.,active
rest-assured-body-balance-base-set,,,,Furniture > Beds & Accessories > Mattresses,,"Rest Assured, Evolution Pocket Spring Collection",TRUE,Size,Three Quarter (107cm),Length,Extra Length (200cm),Configuration,Bed Set,rest-assured-body-balance-base-set-12,50000,,100,continue,manual,13649,,TRUE,TRUE,,,,,FALSE,Body Balance Base Set,Body Balance Base Set by Rest Assured. Official Evolution Pocket Spring Collection collection.,active
rest-assured-body-balance-base-set,,,,Furniture > Beds & Accessories > Mattresses,,"Rest Assured, Evolution Pocket Spring Collection",TRUE,Size,Double (137cm),Length,Extra Length (200cm),Configuration,Bed Set,rest-assured-body-balance-base-set-13,50000,,100,continue,manual,16409,,TRUE,TRUE,,,,,FALSE,Body Balance Base Set,Body Balance Base Set by Rest Assured. Official Evolution Pocket Spring Collection collection.,active
rest-assured-body-balance-base-set,,,,Furniture > Beds & Accessories > Mattresses,,"Rest Assured, Evolution Pocket Spring Collection",TRUE,Size,Queen (152cm),Length,Extra Length (200cm),Configuration,Bed Set,rest-assured-body-balance-base-set-14,50000,,100,continue,manual,17819,,TRUE,TRUE,,,,,FALSE,Body Balance Base Set,Body Balance Base Set by Rest Assured. Official Evolution Pocket Spring Collection collection.,active
rest-assured-body-balance-base-set,,,,Furniture > Beds & Accessories > Mattresses,,"Rest Assured, Evolution Pocket Spring Collection",TRUE,Size,King (183cm),Length,Extra Length (200cm),Configuration,Bed Set,rest-assured-body-balance-base-set-15,50000,,100,continue,manual,22009,,TRUE,TRUE,,,,,FALSE,Body Balance Base Set,Body Balance Base Set by Rest Assured. Official Evolution Pocket Spring Collection collection.,active
rest-assured-body-balance-base-set,,,,Furniture > Beds & Accessories > Mattresses,,"Rest Assured, Evolution Pocket Spring Collection",TRUE,Size,Single (91cm),Length,Extra Length (200cm),Configuration,Mattress Only,rest-assured-body-balance-base-set-16,50000,,100,continue,manual,10209,,TRUE,TRUE,,,,,FALSE,Body Balance Base Set,Body Balance Base Set by Rest Assured. Official Evolution Pocket Spring Collection collection.,active
rest-assured-body-balance-base-set,,,,Furniture > Beds & Accessories > Mattresses,,"Rest Assured, Evolution Pocket Spring Collection",TRUE,Size,Three Quarter (107cm),Length,Extra Length (200cm),Configuration,Mattress Only,rest-assured-body-balance-base-set-17,50000,,100,continue,manual,11679,,TRUE,TRUE,,,,,FALSE,Body Balance Base Set,Body Balance Base Set by Rest Assured. Official Evolution Pocket Spring Collection collection.,active
rest-assured-body-balance-base-set,,,,Furniture > Beds & Accessories > Mattresses,,"Rest Assured, Evolution Pocket Spring Collection",TRUE,Size,Double (137cm),Length,Extra Length (200cm),Configuration,Mattress Only,rest-assured-body-balance-base-set-18,50000,,100,continue,manual,14219,,TRUE,TRUE,,,,,FALSE,Body Balance Base Set,Body Balance Base Set by Rest Assured. Official Evolution Pocket Spring Collection collection.,active
rest-assured-body-balance-base-set,,,,Furniture > Beds & Accessories > Mattresses,,"Rest Assured, Evolution Pocket Spring Collection",TRUE,Size,Queen (152cm),Length,Extra Length (200cm),Configuration,Mattress Only,rest-assured-body-balance-base-set-19,50000,,100,continue,manual,15579,,TRUE,TRUE,,,,,FALSE,Body Balance Base Set,Body Balance Base Set by Rest Assured. Official Evolution Pocket Spring Collection collection.,active
rest-assured-body-balance-base-set,,,,Furniture > Beds & Accessories > Mattresses,,"Rest Assured, Evolution Pocket Spring Collection",TRUE,Size,King (183cm),Length,Extra Length (200cm),Configuration,Mattress Only,rest-assured-body-balance-base-set-20,50000,,100,continue,manual,18439,,TRUE,TRUE,,,,,FALSE,Body Balance Base Set,Body Balance Base Set by Rest Assured. Official Evolution Pocket Spring Collection collection.,active
rest-assured-turnberry-base-set,Turnberry Base Set,"<h3>Turnberry Base Set</h3>
<p><strong>Manufacturer:</strong> Rest Assured<br/>
<strong>Range:</strong> Heritage Bonnel Coil Collection</p>
<h4>Official Product Links & Guidelines:</h4>
<ul>
  <li><a href=""https://restassured.co.za/our-ranges/heritage/turnberry/"" target=""_blank"" rel=""noopener noreferrer"">https://restassured.co.za/our-ranges/heritage/turnberry/</a></li>
</ul>
",Rest Assured,Furniture > Beds & Accessories > Mattresses,Beds & Mattresses,"Rest Assured, Heritage Bonnel Coil Collection",TRUE,Size,Single (91cm),Length,Standard (188cm),Configuration,Bed Set,rest-assured-turnberry-base-set-1,50000,,100,continue,manual,6339,,TRUE,TRUE,,https://wondrous-baklava-e13b07.netlify.app/assets/products/rest_assured_Rest_Assured_Turnberry_Bed_Set.jpg,1,Turnberry Base Set,FALSE,Turnberry Base Set,Turnberry Base Set by Rest Assured. Official Heritage Bonnel Coil Collection collection.,active
rest-assured-turnberry-base-set,,,,Furniture > Beds & Accessories > Mattresses,,"Rest Assured, Heritage Bonnel Coil Collection",TRUE,Size,Three Quarter (107cm),Length,Standard (188cm),Configuration,Bed Set,rest-assured-turnberry-base-set-2,50000,,100,continue,manual,7069,,TRUE,TRUE,,,,,FALSE,Turnberry Base Set,Turnberry Base Set by Rest Assured. Official Heritage Bonnel Coil Collection collection.,active
rest-assured-turnberry-base-set,,,,Furniture > Beds & Accessories > Mattresses,,"Rest Assured, Heritage Bonnel Coil Collection",TRUE,Size,Double (137cm),Length,Standard (188cm),Configuration,Bed Set,rest-assured-turnberry-base-set-3,50000,,100,continue,manual,8419,,TRUE,TRUE,,,,,FALSE,Turnberry Base Set,Turnberry Base Set by Rest Assured. Official Heritage Bonnel Coil Collection collection.,active
rest-assured-turnberry-base-set,,,,Furniture > Beds & Accessories > Mattresses,,"Rest Assured, Heritage Bonnel Coil Collection",TRUE,Size,Queen (152cm),Length,Standard (188cm),Configuration,Bed Set,rest-assured-turnberry-base-set-4,50000,,100,continue,manual,8989,,TRUE,TRUE,,,,,FALSE,Turnberry Base Set,Turnberry Base Set by Rest Assured. Official Heritage Bonnel Coil Collection collection.,active
rest-assured-turnberry-base-set,,,,Furniture > Beds & Accessories > Mattresses,,"Rest Assured, Heritage Bonnel Coil Collection",TRUE,Size,King (183cm),Length,Standard (188cm),Configuration,Bed Set,rest-assured-turnberry-base-set-5,50000,,100,continue,manual,11689,,TRUE,TRUE,,,,,FALSE,Turnberry Base Set,Turnberry Base Set by Rest Assured. Official Heritage Bonnel Coil Collection collection.,active
rest-assured-turnberry-base-set,,,,Furniture > Beds & Accessories > Mattresses,,"Rest Assured, Heritage Bonnel Coil Collection",TRUE,Size,Single (91cm),Length,Extra Length (200cm),Configuration,Bed Set,rest-assured-turnberry-base-set-6,50000,,100,continue,manual,6849,,TRUE,TRUE,,,,,FALSE,Turnberry Base Set,Turnberry Base Set by Rest Assured. Official Heritage Bonnel Coil Collection collection.,active
rest-assured-turnberry-base-set,,,,Furniture > Beds & Accessories > Mattresses,,"Rest Assured, Heritage Bonnel Coil Collection",TRUE,Size,Three Quarter (107cm),Length,Extra Length (200cm),Configuration,Bed Set,rest-assured-turnberry-base-set-7,50000,,100,continue,manual,7639,,TRUE,TRUE,,,,,FALSE,Turnberry Base Set,Turnberry Base Set by Rest Assured. Official Heritage Bonnel Coil Collection collection.,active
rest-assured-turnberry-base-set,,,,Furniture > Beds & Accessories > Mattresses,,"Rest Assured, Heritage Bonnel Coil Collection",TRUE,Size,Double (137cm),Length,Extra Length (200cm),Configuration,Bed Set,rest-assured-turnberry-base-set-8,50000,,100,continue,manual,9099,,TRUE,TRUE,,,,,FALSE,Turnberry Base Set,Turnberry Base Set by Rest Assured. Official Heritage Bonnel Coil Collection collection.,active
rest-assured-turnberry-base-set,,,,Furniture > Beds & Accessories > Mattresses,,"Rest Assured, Heritage Bonnel Coil Collection",TRUE,Size,Queen (152cm),Length,Extra Length (200cm),Configuration,Bed Set,rest-assured-turnberry-base-set-9,50000,,100,continue,manual,9709,,TRUE,TRUE,,,,,FALSE,Turnberry Base Set,Turnberry Base Set by Rest Assured. Official Heritage Bonnel Coil Collection collection.,active
rest-assured-turnberry-base-set,,,,Furniture > Beds & Accessories > Mattresses,,"Rest Assured, Heritage Bonnel Coil Collection",TRUE,Size,King (183cm),Length,Extra Length (200cm),Configuration,Bed Set,rest-assured-turnberry-base-set-10,50000,,100,continue,manual,12629,,TRUE,TRUE,,,,,FALSE,Turnberry Base Set,Turnberry Base Set by Rest Assured. Official Heritage Bonnel Coil Collection collection.,active
rest-assured-york-base-set,York Base Set,"<h3>York Base Set</h3>
<p><strong>Manufacturer:</strong> Rest Assured<br/>
<strong>Range:</strong> Heritage Bonnel Coil Collection</p>
<h4>Official Product Links & Guidelines:</h4>
<ul>
  <li><a href=""https://www.bedsonline.co.za/product/rest-assured-york-queen/"" target=""_blank"" rel=""noopener noreferrer"">https://www.bedsonline.co.za/product/rest-assured-york-queen/</a></li>
  <li><a href=""https://restassured.co.za/our-ranges/heritage/york/"" target=""_blank"" rel=""noopener noreferrer"">https://restassured.co.za/our-ranges/heritage/york/</a></li>
</ul>
",Rest Assured,Furniture > Beds & Accessories > Mattresses,Beds & Mattresses,"Rest Assured, Heritage Bonnel Coil Collection",TRUE,Size,Single (91cm),Length,Standard (188cm),Configuration,Bed Set,rest-assured-york-base-set-1,50000,,100,continue,manual,5859,,TRUE,TRUE,,https://wondrous-baklava-e13b07.netlify.app/assets/products/rest_assured_Rest_Assured_Turnberry_Bed_Set.jpg,1,York Base Set,FALSE,York Base Set,York Base Set by Rest Assured. Official Heritage Bonnel Coil Collection collection.,active
rest-assured-york-base-set,,,,Furniture > Beds & Accessories > Mattresses,,"Rest Assured, Heritage Bonnel Coil Collection",TRUE,Size,Three Quarter (107cm),Length,Standard (188cm),Configuration,Bed Set,rest-assured-york-base-set-2,50000,,100,continue,manual,6509,,TRUE,TRUE,,,,,FALSE,York Base Set,York Base Set by Rest Assured. Official Heritage Bonnel Coil Collection collection.,active
rest-assured-york-base-set,,,,Furniture > Beds & Accessories > Mattresses,,"Rest Assured, Heritage Bonnel Coil Collection",TRUE,Size,Double (137cm),Length,Standard (188cm),Configuration,Bed Set,rest-assured-york-base-set-3,50000,,100,continue,manual,7739,,TRUE,TRUE,,,,,FALSE,York Base Set,York Base Set by Rest Assured. Official Heritage Bonnel Coil Collection collection.,active
rest-assured-york-base-set,,,,Furniture > Beds & Accessories > Mattresses,,"Rest Assured, Heritage Bonnel Coil Collection",TRUE,Size,Queen (152cm),Length,Standard (188cm),Configuration,Bed Set,rest-assured-york-base-set-4,50000,,100,continue,manual,8149,,TRUE,TRUE,,,,,FALSE,York Base Set,York Base Set by Rest Assured. Official Heritage Bonnel Coil Collection collection.,active
rest-assured-york-base-set,,,,Furniture > Beds & Accessories > Mattresses,,"Rest Assured, Heritage Bonnel Coil Collection",TRUE,Size,King (183cm),Length,Standard (188cm),Configuration,Bed Set,rest-assured-york-base-set-5,50000,,100,continue,manual,10819,,TRUE,TRUE,,,,,FALSE,York Base Set,York Base Set by Rest Assured. Official Heritage Bonnel Coil Collection collection.,active
rest-assured-york-base-set,,,,Furniture > Beds & Accessories > Mattresses,,"Rest Assured, Heritage Bonnel Coil Collection",TRUE,Size,Single (91cm),Length,Extra Length (200cm),Configuration,Bed Set,rest-assured-york-base-set-6,50000,,100,continue,manual,6329,,TRUE,TRUE,,,,,FALSE,York Base Set,York Base Set by Rest Assured. Official Heritage Bonnel Coil Collection collection.,active
rest-assured-york-base-set,,,,Furniture > Beds & Accessories > Mattresses,,"Rest Assured, Heritage Bonnel Coil Collection",TRUE,Size,Three Quarter (107cm),Length,Extra Length (200cm),Configuration,Bed Set,rest-assured-york-base-set-7,50000,,100,continue,manual,7029,,TRUE,TRUE,,,,,FALSE,York Base Set,York Base Set by Rest Assured. Official Heritage Bonnel Coil Collection collection.,active
rest-assured-york-base-set,,,,Furniture > Beds & Accessories > Mattresses,,"Rest Assured, Heritage Bonnel Coil Collection",TRUE,Size,Double (137cm),Length,Extra Length (200cm),Configuration,Bed Set,rest-assured-york-base-set-8,50000,,100,continue,manual,8359,,TRUE,TRUE,,,,,FALSE,York Base Set,York Base Set by Rest Assured. Official Heritage Bonnel Coil Collection collection.,active
rest-assured-york-base-set,,,,Furniture > Beds & Accessories > Mattresses,,"Rest Assured, Heritage Bonnel Coil Collection",TRUE,Size,Queen (152cm),Length,Extra Length (200cm),Configuration,Bed Set,rest-assured-york-base-set-9,50000,,100,continue,manual,8799,,TRUE,TRUE,,,,,FALSE,York Base Set,York Base Set by Rest Assured. Official Heritage Bonnel Coil Collection collection.,active
rest-assured-york-base-set,,,,Furniture > Beds & Accessories > Mattresses,,"Rest Assured, Heritage Bonnel Coil Collection",TRUE,Size,King (183cm),Length,Extra Length (200cm),Configuration,Bed Set,rest-assured-york-base-set-10,50000,,100,continue,manual,11689,,TRUE,TRUE,,,,,FALSE,York Base Set,York Base Set by Rest Assured. Official Heritage Bonnel Coil Collection collection.,active
rest-assured-weightmaster-base-set,Weightmaster Base Set,"<h3>Weightmaster Base Set</h3>
<p><strong>Manufacturer:</strong> Rest Assured<br/>
<strong>Range:</strong> Heritage Bonnel Coil Collection</p>
<h4>Official Product Links & Guidelines:</h4>
<ul>
  <li><a href=""https://www.bedsonline.co.za/product/rest-assured-weightmaster-queen/"" target=""_blank"" rel=""noopener noreferrer"">https://www.bedsonline.co.za/product/rest-assured-weightmaster-queen/</a></li>
  <li><a href=""https://restassured.co.za/our-ranges/heritage/weightmaster/"" target=""_blank"" rel=""noopener noreferrer"">https://restassured.co.za/our-ranges/heritage/weightmaster/</a></li>
</ul>
",Rest Assured,Furniture > Beds & Accessories > Mattresses,Beds & Mattresses,"Rest Assured, Heritage Bonnel Coil Collection",TRUE,Size,Single (91cm),Length,Standard (188cm),Configuration,Bed Set,rest-assured-weightmaster-base-set-1,50000,,100,continue,manual,9059,,TRUE,TRUE,,https://wondrous-baklava-e13b07.netlify.app/assets/products/rest_assured_Rest_Assured_Turnberry_Bed_Set.jpg,1,Weightmaster Base Set,FALSE,Weightmaster Base Set,Weightmaster Base Set by Rest Assured. Official Heritage Bonnel Coil Collection collection.,active
rest-assured-weightmaster-base-set,,,,Furniture > Beds & Accessories > Mattresses,,"Rest Assured, Heritage Bonnel Coil Collection",TRUE,Size,Double (137cm),Length,Standard (188cm),Configuration,Bed Set,rest-assured-weightmaster-base-set-2,50000,,100,continue,manual,12209,,TRUE,TRUE,,,,,FALSE,Weightmaster Base Set,Weightmaster Base Set by Rest Assured. Official Heritage Bonnel Coil Collection collection.,active
rest-assured-weightmaster-base-set,,,,Furniture > Beds & Accessories > Mattresses,,"Rest Assured, Heritage Bonnel Coil Collection",TRUE,Size,Queen (152cm),Length,Standard (188cm),Configuration,Bed Set,rest-assured-weightmaster-base-set-3,50000,,100,continue,manual,13449,,TRUE,TRUE,,,,,FALSE,Weightmaster Base Set,Weightmaster Base Set by Rest Assured. Official Heritage Bonnel Coil Collection collection.,active
rest-assured-weightmaster-base-set,,,,Furniture > Beds & Accessories > Mattresses,,"Rest Assured, Heritage Bonnel Coil Collection",TRUE,Size,King (183cm),Length,Standard (188cm),Configuration,Bed Set,rest-assured-weightmaster-base-set-4,50000,,100,continue,manual,16599,,TRUE,TRUE,,,,,FALSE,Weightmaster Base Set,Weightmaster Base Set by Rest Assured. Official Heritage Bonnel Coil Collection collection.,active
rest-assured-weightmaster-base-set,,,,Furniture > Beds & Accessories > Mattresses,,"Rest Assured, Heritage Bonnel Coil Collection",TRUE,Size,Single (91cm),Length,Extra Length (200cm),Configuration,Bed Set,rest-assured-weightmaster-base-set-5,50000,,100,continue,manual,9789,,TRUE,TRUE,,,,,FALSE,Weightmaster Base Set,Weightmaster Base Set by Rest Assured. Official Heritage Bonnel Coil Collection collection.,active
rest-assured-weightmaster-base-set,,,,Furniture > Beds & Accessories > Mattresses,,"Rest Assured, Heritage Bonnel Coil Collection",TRUE,Size,Double (137cm),Length,Extra Length (200cm),Configuration,Bed Set,rest-assured-weightmaster-base-set-6,50000,,100,continue,manual,13189,,TRUE,TRUE,,,,,FALSE,Weightmaster Base Set,Weightmaster Base Set by Rest Assured. Official Heritage Bonnel Coil Collection collection.,active
rest-assured-weightmaster-base-set,,,,Furniture > Beds & Accessories > Mattresses,,"Rest Assured, Heritage Bonnel Coil Collection",TRUE,Size,Queen (152cm),Length,Extra Length (200cm),Configuration,Bed Set,rest-assured-weightmaster-base-set-7,50000,,100,continue,manual,14529,,TRUE,TRUE,,,,,FALSE,Weightmaster Base Set,Weightmaster Base Set by Rest Assured. Official Heritage Bonnel Coil Collection collection.,active
rest-assured-weightmaster-base-set,,,,Furniture > Beds & Accessories > Mattresses,,"Rest Assured, Heritage Bonnel Coil Collection",TRUE,Size,King (183cm),Length,Extra Length (200cm),Configuration,Bed Set,rest-assured-weightmaster-base-set-8,50000,,100,continue,manual,17929,,TRUE,TRUE,,,,,FALSE,Weightmaster Base Set,Weightmaster Base Set by Rest Assured. Official Heritage Bonnel Coil Collection collection.,active
rest-assured-mq10-base-set,MQ10 Base Set,"<h3>MQ10 Base Set</h3>
<p><strong>Manufacturer:</strong> Rest Assured<br/>
<strong>Range:</strong> Heritage Bonnel Coil Collection</p>
<h4>Official Product Links & Guidelines:</h4>
<ul>
  <li><a href=""https://www.bedsonline.co.za/product/rest-assured-mq10-queen/"" target=""_blank"" rel=""noopener noreferrer"">https://www.bedsonline.co.za/product/rest-assured-mq10-queen/</a></li>
  <li><a href=""https://restassured.co.za/our-ranges/heritage/mq10/"" target=""_blank"" rel=""noopener noreferrer"">https://restassured.co.za/our-ranges/heritage/mq10/</a></li>
</ul>
",Rest Assured,Furniture > Beds & Accessories > Mattresses,Beds & Mattresses,"Rest Assured, Heritage Bonnel Coil Collection",TRUE,Size,Single (91cm),Length,Standard (188cm),Configuration,Bed Set,rest-assured-mq10-base-set-1,50000,,100,continue,manual,7459,,TRUE,TRUE,,https://wondrous-baklava-e13b07.netlify.app/assets/products/rest_assured_Rest_Assured_Turnberry_Bed_Set.jpg,1,MQ10 Base Set,FALSE,MQ10 Base Set,MQ10 Base Set by Rest Assured. Official Heritage Bonnel Coil Collection collection.,active
rest-assured-mq10-base-set,,,,Furniture > Beds & Accessories > Mattresses,,"Rest Assured, Heritage Bonnel Coil Collection",TRUE,Size,Three Quarter (107cm),Length,Standard (188cm),Configuration,Bed Set,rest-assured-mq10-base-set-2,50000,,100,continue,manual,8349,,TRUE,TRUE,,,,,FALSE,MQ10 Base Set,MQ10 Base Set by Rest Assured. Official Heritage Bonnel Coil Collection collection.,active
rest-assured-mq10-base-set,,,,Furniture > Beds & Accessories > Mattresses,,"Rest Assured, Heritage Bonnel Coil Collection",TRUE,Size,Double (137cm),Length,Standard (188cm),Configuration,Bed Set,rest-assured-mq10-base-set-3,50000,,100,continue,manual,10009,,TRUE,TRUE,,,,,FALSE,MQ10 Base Set,MQ10 Base Set by Rest Assured. Official Heritage Bonnel Coil Collection collection.,active
rest-assured-mq10-base-set,,,,Furniture > Beds & Accessories > Mattresses,,"Rest Assured, Heritage Bonnel Coil Collection",TRUE,Size,Queen (152cm),Length,Standard (188cm),Configuration,Bed Set,rest-assured-mq10-base-set-4,50000,,100,continue,manual,10769,,TRUE,TRUE,,,,,FALSE,MQ10 Base Set,MQ10 Base Set by Rest Assured. Official Heritage Bonnel Coil Collection collection.,active
rest-assured-mq10-base-set,,,,Furniture > Beds & Accessories > Mattresses,,"Rest Assured, Heritage Bonnel Coil Collection",TRUE,Size,King (183cm),Length,Standard (188cm),Configuration,Bed Set,rest-assured-mq10-base-set-5,50000,,100,continue,manual,13739,,TRUE,TRUE,,,,,FALSE,MQ10 Base Set,MQ10 Base Set by Rest Assured. Official Heritage Bonnel Coil Collection collection.,active
rest-assured-mq10-base-set,,,,Furniture > Beds & Accessories > Mattresses,,"Rest Assured, Heritage Bonnel Coil Collection",TRUE,Size,Single (91cm),Length,Extra Length (200cm),Configuration,Bed Set,rest-assured-mq10-base-set-6,50000,,100,continue,manual,8059,,TRUE,TRUE,,,,,FALSE,MQ10 Base Set,MQ10 Base Set by Rest Assured. Official Heritage Bonnel Coil Collection collection.,active
rest-assured-mq10-base-set,,,,Furniture > Beds & Accessories > Mattresses,,"Rest Assured, Heritage Bonnel Coil Collection",TRUE,Size,Three Quarter (107cm),Length,Extra Length (200cm),Configuration,Bed Set,rest-assured-mq10-base-set-7,50000,,100,continue,manual,9019,,TRUE,TRUE,,,,,FALSE,MQ10 Base Set,MQ10 Base Set by Rest Assured. Official Heritage Bonnel Coil Collection collection.,active
rest-assured-mq10-base-set,,,,Furniture > Beds & Accessories > Mattresses,,"Rest Assured, Heritage Bonnel Coil Collection",TRUE,Size,Double (137cm),Length,Extra Length (200cm),Configuration,Bed Set,rest-assured-mq10-base-set-8,50000,,100,continue,manual,10809,,TRUE,TRUE,,,,,FALSE,MQ10 Base Set,MQ10 Base Set by Rest Assured. Official Heritage Bonnel Coil Collection collection.,active
rest-assured-mq10-base-set,,,,Furniture > Beds & Accessories > Mattresses,,"Rest Assured, Heritage Bonnel Coil Collection",TRUE,Size,Queen (152cm),Length,Extra Length (200cm),Configuration,Bed Set,rest-assured-mq10-base-set-9,50000,,100,continue,manual,11629,,TRUE,TRUE,,,,,FALSE,MQ10 Base Set,MQ10 Base Set by Rest Assured. Official Heritage Bonnel Coil Collection collection.,active
rest-assured-mq10-base-set,,,,Furniture > Beds & Accessories > Mattresses,,"Rest Assured, Heritage Bonnel Coil Collection",TRUE,Size,King (183cm),Length,Extra Length (200cm),Configuration,Bed Set,rest-assured-mq10-base-set-10,50000,,100,continue,manual,14839,,TRUE,TRUE,,,,,FALSE,MQ10 Base Set,MQ10 Base Set by Rest Assured. Official Heritage Bonnel Coil Collection collection.,active
rest-assured-vito-base-set,Vito Base Set,"<h3>Vito Base Set</h3>
<p><strong>Manufacturer:</strong> Rest Assured<br/>
<strong>Range:</strong> Matrix</p>
<h4>Official Product Links & Guidelines:</h4>
<ul>
  <li><a href=""https://ericssonsmattress.co.za/product/rest-assured-vito-base-set/?srsltid=AfmBOor7rvbUzkXtYyLw9eLxtEHZgXk7xgB4oRfIR6bp6UICnkZR3R1h"" target=""_blank"" rel=""noopener noreferrer"">https://ericssonsmattress.co.za/product/rest-assured-vito-base-set/?srsltid=AfmBOor7rvbUzkXtYyLw9eLxtEHZgXk7xgB4oRfIR6bp6UICnkZR3R1h</a></li>
  <li><a href=""https://restassured.co.za/our-ranges/matrix/vito/"" target=""_blank"" rel=""noopener noreferrer"">https://restassured.co.za/our-ranges/matrix/vito/</a></li>
</ul>
",Rest Assured,Furniture > Beds & Accessories > Mattresses,Beds & Mattresses,"Rest Assured, Matrix",TRUE,Size,Single (91cm),Length,Standard (188cm),Configuration,Bed Set,rest-assured-vito-base-set-1,50000,,100,continue,manual,3729,,TRUE,TRUE,,https://wondrous-baklava-e13b07.netlify.app/assets/products/rest_assured_Rest_Assured_Rest_A_Flex_Base_Set.png,1,Vito Base Set,FALSE,Vito Base Set,Vito Base Set by Rest Assured. Official Matrix collection.,active
rest-assured-vito-base-set,,,,Furniture > Beds & Accessories > Mattresses,,"Rest Assured, Matrix",TRUE,Size,Three Quarter (107cm),Length,Standard (188cm),Configuration,Bed Set,rest-assured-vito-base-set-2,50000,,100,continue,manual,4189,,TRUE,TRUE,,,,,FALSE,Vito Base Set,Vito Base Set by Rest Assured. Official Matrix collection.,active
rest-assured-vito-base-set,,,,Furniture > Beds & Accessories > Mattresses,,"Rest Assured, Matrix",TRUE,Size,Double (137cm),Length,Standard (188cm),Configuration,Bed Set,rest-assured-vito-base-set-3,50000,,100,continue,manual,4809,,TRUE,TRUE,,,,,FALSE,Vito Base Set,Vito Base Set by Rest Assured. Official Matrix collection.,active
rest-assured-vito-base-set,,,,Furniture > Beds & Accessories > Mattresses,,"Rest Assured, Matrix",TRUE,Size,Queen (152cm),Length,Standard (188cm),Configuration,Bed Set,rest-assured-vito-base-set-4,50000,,100,continue,manual,5279,,TRUE,TRUE,,,,,FALSE,Vito Base Set,Vito Base Set by Rest Assured. Official Matrix collection.,active
rest-assured-vito-base-set,,,,Furniture > Beds & Accessories > Mattresses,,"Rest Assured, Matrix",TRUE,Size,King (183cm),Length,Standard (188cm),Configuration,Bed Set,rest-assured-vito-base-set-5,50000,,100,continue,manual,6709,,TRUE,TRUE,,,,,FALSE,Vito Base Set,Vito Base Set by Rest Assured. Official Matrix collection.,active
rest-assured-vito-base-set,,,,Furniture > Beds & Accessories > Mattresses,,"Rest Assured, Matrix",TRUE,Size,Single (91cm),Length,Standard (188cm),Configuration,Mattress Only,rest-assured-vito-base-set-6,50000,,100,continue,manual,2469,,TRUE,TRUE,,,,,FALSE,Vito Base Set,Vito Base Set by Rest Assured. Official Matrix collection.,active
rest-assured-vito-base-set,,,,Furniture > Beds & Accessories > Mattresses,,"Rest Assured, Matrix",TRUE,Size,Three Quarter (107cm),Length,Standard (188cm),Configuration,Mattress Only,rest-assured-vito-base-set-7,50000,,100,continue,manual,2769,,TRUE,TRUE,,,,,FALSE,Vito Base Set,Vito Base Set by Rest Assured. Official Matrix collection.,active
rest-assured-vito-base-set,,,,Furniture > Beds & Accessories > Mattresses,,"Rest Assured, Matrix",TRUE,Size,Double (137cm),Length,Standard (188cm),Configuration,Mattress Only,rest-assured-vito-base-set-8,50000,,100,continue,manual,3269,,TRUE,TRUE,,,,,FALSE,Vito Base Set,Vito Base Set by Rest Assured. Official Matrix collection.,active
rest-assured-vito-base-set,,,,Furniture > Beds & Accessories > Mattresses,,"Rest Assured, Matrix",TRUE,Size,Queen (152cm),Length,Standard (188cm),Configuration,Mattress Only,rest-assured-vito-base-set-9,50000,,100,continue,manual,3649,,TRUE,TRUE,,,,,FALSE,Vito Base Set,Vito Base Set by Rest Assured. Official Matrix collection.,active
rest-assured-vito-base-set,,,,Furniture > Beds & Accessories > Mattresses,,"Rest Assured, Matrix",TRUE,Size,King (183cm),Length,Standard (188cm),Configuration,Mattress Only,rest-assured-vito-base-set-10,50000,,100,continue,manual,4189,,TRUE,TRUE,,,,,FALSE,Vito Base Set,Vito Base Set by Rest Assured. Official Matrix collection.,active
rest-assured-vito-base-set,,,,Furniture > Beds & Accessories > Mattresses,,"Rest Assured, Matrix",TRUE,Size,Single (91cm),Length,Extra Length (200cm),Configuration,Bed Set,rest-assured-vito-base-set-11,50000,,100,continue,manual,4029,,TRUE,TRUE,,,,,FALSE,Vito Base Set,Vito Base Set by Rest Assured. Official Matrix collection.,active
rest-assured-vito-base-set,,,,Furniture > Beds & Accessories > Mattresses,,"Rest Assured, Matrix",TRUE,Size,Three Quarter (107cm),Length,Extra Length (200cm),Configuration,Bed Set,rest-assured-vito-base-set-12,50000,,100,continue,manual,4529,,TRUE,TRUE,,,,,FALSE,Vito Base Set,Vito Base Set by Rest Assured. Official Matrix collection.,active
rest-assured-vito-base-set,,,,Furniture > Beds & Accessories > Mattresses,,"Rest Assured, Matrix",TRUE,Size,Double (137cm),Length,Extra Length (200cm),Configuration,Bed Set,rest-assured-vito-base-set-13,50000,,100,continue,manual,5199,,TRUE,TRUE,,,,,FALSE,Vito Base Set,Vito Base Set by Rest Assured. Official Matrix collection.,active
rest-assured-vito-base-set,,,,Furniture > Beds & Accessories > Mattresses,,"Rest Assured, Matrix",TRUE,Size,Queen (152cm),Length,Extra Length (200cm),Configuration,Bed Set,rest-assured-vito-base-set-14,50000,,100,continue,manual,5709,,TRUE,TRUE,,,,,FALSE,Vito Base Set,Vito Base Set by Rest Assured. Official Matrix collection.,active
rest-assured-vito-base-set,,,,Furniture > Beds & Accessories > Mattresses,,"Rest Assured, Matrix",TRUE,Size,King (183cm),Length,Extra Length (200cm),Configuration,Bed Set,rest-assured-vito-base-set-15,50000,,100,continue,manual,7249,,TRUE,TRUE,,,,,FALSE,Vito Base Set,Vito Base Set by Rest Assured. Official Matrix collection.,active
rest-assured-vito-base-set,,,,Furniture > Beds & Accessories > Mattresses,,"Rest Assured, Matrix",TRUE,Size,Single (91cm),Length,Extra Length (200cm),Configuration,Mattress Only,rest-assured-vito-base-set-16,50000,,100,continue,manual,2669,,TRUE,TRUE,,,,,FALSE,Vito Base Set,Vito Base Set by Rest Assured. Official Matrix collection.,active
rest-assured-vito-base-set,,,,Furniture > Beds & Accessories > Mattresses,,"Rest Assured, Matrix",TRUE,Size,Three Quarter (107cm),Length,Extra Length (200cm),Configuration,Mattress Only,rest-assured-vito-base-set-17,50000,,100,continue,manual,2989,,TRUE,TRUE,,,,,FALSE,Vito Base Set,Vito Base Set by Rest Assured. Official Matrix collection.,active
rest-assured-vito-base-set,,,,Furniture > Beds & Accessories > Mattresses,,"Rest Assured, Matrix",TRUE,Size,Double (137cm),Length,Extra Length (200cm),Configuration,Mattress Only,rest-assured-vito-base-set-18,50000,,100,continue,manual,3529,,TRUE,TRUE,,,,,FALSE,Vito Base Set,Vito Base Set by Rest Assured. Official Matrix collection.,active
rest-assured-vito-base-set,,,,Furniture > Beds & Accessories > Mattresses,,"Rest Assured, Matrix",TRUE,Size,Queen (152cm),Length,Extra Length (200cm),Configuration,Mattress Only,rest-assured-vito-base-set-19,50000,,100,continue,manual,3939,,TRUE,TRUE,,,,,FALSE,Vito Base Set,Vito Base Set by Rest Assured. Official Matrix collection.,active
rest-assured-vito-base-set,,,,Furniture > Beds & Accessories > Mattresses,,"Rest Assured, Matrix",TRUE,Size,King (183cm),Length,Extra Length (200cm),Configuration,Mattress Only,rest-assured-vito-base-set-20,50000,,100,continue,manual,4529,,TRUE,TRUE,,,,,FALSE,Vito Base Set,Vito Base Set by Rest Assured. Official Matrix collection.,active
rest-assured-flex-o-paedic-base-set,Flex-O-Paedic Base Set,"<h3>Flex-O-Paedic Base Set</h3>
<p><strong>Manufacturer:</strong> Rest Assured<br/>
<strong>Range:</strong> Matrix</p>
<h4>Official Product Links & Guidelines:</h4>
<ul>
  <li><a href=""https://www.bedsonline.co.za/product/rest-assured-flex-o-peadic-medium-firm-queen/"" target=""_blank"" rel=""noopener noreferrer"">https://www.bedsonline.co.za/product/rest-assured-flex-o-peadic-medium-firm-queen/</a></li>
  <li><a href=""https://restassured.co.za/our-ranges/matrix/flex-o-peadic/"" target=""_blank"" rel=""noopener noreferrer"">https://restassured.co.za/our-ranges/matrix/flex-o-peadic/</a></li>
</ul>
",Rest Assured,Furniture > Beds & Accessories > Mattresses,Beds & Mattresses,"Rest Assured, Matrix",TRUE,Size,Single (91cm),Length,Standard (188cm),Configuration,Bed Set,rest-assured-flex-o-paedic-base-set-1,50000,,100,continue,manual,4079,,TRUE,TRUE,,https://wondrous-baklava-e13b07.netlify.app/assets/products/rest_assured_Rest_Assured_Rest_A_Flex_Base_Set.png,1,Flex-O-Paedic Base Set,FALSE,Flex-O-Paedic Base Set,Flex-O-Paedic Base Set by Rest Assured. Official Matrix collection.,active
rest-assured-flex-o-paedic-base-set,,,,Furniture > Beds & Accessories > Mattresses,,"Rest Assured, Matrix",TRUE,Size,Three Quarter (107cm),Length,Standard (188cm),Configuration,Bed Set,rest-assured-flex-o-paedic-base-set-2,50000,,100,continue,manual,4609,,TRUE,TRUE,,,,,FALSE,Flex-O-Paedic Base Set,Flex-O-Paedic Base Set by Rest Assured. Official Matrix collection.,active
rest-assured-flex-o-paedic-base-set,,,,Furniture > Beds & Accessories > Mattresses,,"Rest Assured, Matrix",TRUE,Size,Double (137cm),Length,Standard (188cm),Configuration,Bed Set,rest-assured-flex-o-paedic-base-set-3,50000,,100,continue,manual,5309,,TRUE,TRUE,,,,,FALSE,Flex-O-Paedic Base Set,Flex-O-Paedic Base Set by Rest Assured. Official Matrix collection.,active
rest-assured-flex-o-paedic-base-set,,,,Furniture > Beds & Accessories > Mattresses,,"Rest Assured, Matrix",TRUE,Size,Queen (152cm),Length,Standard (188cm),Configuration,Bed Set,rest-assured-flex-o-paedic-base-set-4,50000,,100,continue,manual,5859,,TRUE,TRUE,,,,,FALSE,Flex-O-Paedic Base Set,Flex-O-Paedic Base Set by Rest Assured. Official Matrix collection.,active
rest-assured-flex-o-paedic-base-set,,,,Furniture > Beds & Accessories > Mattresses,,"Rest Assured, Matrix",TRUE,Size,King (183cm),Length,Standard (188cm),Configuration,Bed Set,rest-assured-flex-o-paedic-base-set-5,50000,,100,continue,manual,7419,,TRUE,TRUE,,,,,FALSE,Flex-O-Paedic Base Set,Flex-O-Paedic Base Set by Rest Assured. Official Matrix collection.,active
rest-assured-flex-o-paedic-base-set,,,,Furniture > Beds & Accessories > Mattresses,,"Rest Assured, Matrix",TRUE,Size,Single (91cm),Length,Standard (188cm),Configuration,Mattress Only,rest-assured-flex-o-paedic-base-set-6,50000,,100,continue,manual,2819,,TRUE,TRUE,,,,,FALSE,Flex-O-Paedic Base Set,Flex-O-Paedic Base Set by Rest Assured. Official Matrix collection.,active
rest-assured-flex-o-paedic-base-set,,,,Furniture > Beds & Accessories > Mattresses,,"Rest Assured, Matrix",TRUE,Size,Three Quarter (107cm),Length,Standard (188cm),Configuration,Mattress Only,rest-assured-flex-o-paedic-base-set-7,50000,,100,continue,manual,3179,,TRUE,TRUE,,,,,FALSE,Flex-O-Paedic Base Set,Flex-O-Paedic Base Set by Rest Assured. Official Matrix collection.,active
rest-assured-flex-o-paedic-base-set,,,,Furniture > Beds & Accessories > Mattresses,,"Rest Assured, Matrix",TRUE,Size,Double (137cm),Length,Standard (188cm),Configuration,Mattress Only,rest-assured-flex-o-paedic-base-set-8,50000,,100,continue,manual,3769,,TRUE,TRUE,,,,,FALSE,Flex-O-Paedic Base Set,Flex-O-Paedic Base Set by Rest Assured. Official Matrix collection.,active
rest-assured-flex-o-paedic-base-set,,,,Furniture > Beds & Accessories > Mattresses,,"Rest Assured, Matrix",TRUE,Size,Queen (152cm),Length,Standard (188cm),Configuration,Mattress Only,rest-assured-flex-o-paedic-base-set-9,50000,,100,continue,manual,4229,,TRUE,TRUE,,,,,FALSE,Flex-O-Paedic Base Set,Flex-O-Paedic Base Set by Rest Assured. Official Matrix collection.,active
rest-assured-flex-o-paedic-base-set,,,,Furniture > Beds & Accessories > Mattresses,,"Rest Assured, Matrix",TRUE,Size,King (183cm),Length,Standard (188cm),Configuration,Mattress Only,rest-assured-flex-o-paedic-base-set-10,50000,,100,continue,manual,4899,,TRUE,TRUE,,,,,FALSE,Flex-O-Paedic Base Set,Flex-O-Paedic Base Set by Rest Assured. Official Matrix collection.,active
rest-assured-flex-o-paedic-base-set,,,,Furniture > Beds & Accessories > Mattresses,,"Rest Assured, Matrix",TRUE,Size,Single (91cm),Length,Extra Length (200cm),Configuration,Bed Set,rest-assured-flex-o-paedic-base-set-11,50000,,100,continue,manual,4409,,TRUE,TRUE,,,,,FALSE,Flex-O-Paedic Base Set,Flex-O-Paedic Base Set by Rest Assured. Official Matrix collection.,active
rest-assured-flex-o-paedic-base-set,,,,Furniture > Beds & Accessories > Mattresses,,"Rest Assured, Matrix",TRUE,Size,Three Quarter (107cm),Length,Extra Length (200cm),Configuration,Bed Set,rest-assured-flex-o-paedic-base-set-12,50000,,100,continue,manual,4979,,TRUE,TRUE,,,,,FALSE,Flex-O-Paedic Base Set,Flex-O-Paedic Base Set by Rest Assured. Official Matrix collection.,active
rest-assured-flex-o-paedic-base-set,,,,Furniture > Beds & Accessories > Mattresses,,"Rest Assured, Matrix",TRUE,Size,Double (137cm),Length,Extra Length (200cm),Configuration,Bed Set,rest-assured-flex-o-paedic-base-set-13,50000,,100,continue,manual,5739,,TRUE,TRUE,,,,,FALSE,Flex-O-Paedic Base Set,Flex-O-Paedic Base Set by Rest Assured. Official Matrix collection.,active
rest-assured-flex-o-paedic-base-set,,,,Furniture > Beds & Accessories > Mattresses,,"Rest Assured, Matrix",TRUE,Size,Queen (152cm),Length,Extra Length (200cm),Configuration,Bed Set,rest-assured-flex-o-paedic-base-set-14,50000,,100,continue,manual,6329,,TRUE,TRUE,,,,,FALSE,Flex-O-Paedic Base Set,Flex-O-Paedic Base Set by Rest Assured. Official Matrix collection.,active
rest-assured-flex-o-paedic-base-set,,,,Furniture > Beds & Accessories > Mattresses,,"Rest Assured, Matrix",TRUE,Size,King (183cm),Length,Extra Length (200cm),Configuration,Bed Set,rest-assured-flex-o-paedic-base-set-15,50000,,100,continue,manual,8019,,TRUE,TRUE,,,,,FALSE,Flex-O-Paedic Base Set,Flex-O-Paedic Base Set by Rest Assured. Official Matrix collection.,active
rest-assured-flex-o-paedic-base-set,,,,Furniture > Beds & Accessories > Mattresses,,"Rest Assured, Matrix",TRUE,Size,Single (91cm),Length,Extra Length (200cm),Configuration,Mattress Only,rest-assured-flex-o-paedic-base-set-16,50000,,100,continue,manual,3049,,TRUE,TRUE,,,,,FALSE,Flex-O-Paedic Base Set,Flex-O-Paedic Base Set by Rest Assured. Official Matrix collection.,active
rest-assured-flex-o-paedic-base-set,,,,Furniture > Beds & Accessories > Mattresses,,"Rest Assured, Matrix",TRUE,Size,Three Quarter (107cm),Length,Extra Length (200cm),Configuration,Mattress Only,rest-assured-flex-o-paedic-base-set-17,50000,,100,continue,manual,3439,,TRUE,TRUE,,,,,FALSE,Flex-O-Paedic Base Set,Flex-O-Paedic Base Set by Rest Assured. Official Matrix collection.,active
rest-assured-flex-o-paedic-base-set,,,,Furniture > Beds & Accessories > Mattresses,,"Rest Assured, Matrix",TRUE,Size,Double (137cm),Length,Extra Length (200cm),Configuration,Mattress Only,rest-assured-flex-o-paedic-base-set-18,50000,,100,continue,manual,4069,,TRUE,TRUE,,,,,FALSE,Flex-O-Paedic Base Set,Flex-O-Paedic Base Set by Rest Assured. Official Matrix collection.,active
rest-assured-flex-o-paedic-base-set,,,,Furniture > Beds & Accessories > Mattresses,,"Rest Assured, Matrix",TRUE,Size,Queen (152cm),Length,Extra Length (200cm),Configuration,Mattress Only,rest-assured-flex-o-paedic-base-set-19,50000,,100,continue,manual,4569,,TRUE,TRUE,,,,,FALSE,Flex-O-Paedic Base Set,Flex-O-Paedic Base Set by Rest Assured. Official Matrix collection.,active
rest-assured-flex-o-paedic-base-set,,,,Furniture > Beds & Accessories > Mattresses,,"Rest Assured, Matrix",TRUE,Size,King (183cm),Length,Extra Length (200cm),Configuration,Mattress Only,rest-assured-flex-o-paedic-base-set-20,50000,,100,continue,manual,5289,,TRUE,TRUE,,,,,FALSE,Flex-O-Paedic Base Set,Flex-O-Paedic Base Set by Rest Assured. Official Matrix collection.,active
rest-assured-rest-a-flex-base-set,Rest-A-Flex Base Set,"<h3>Rest-A-Flex Base Set</h3>
<p><strong>Manufacturer:</strong> Rest Assured<br/>
<strong>Range:</strong> Matrix</p>
<h4>Official Product Links & Guidelines:</h4>
<ul>
  <li><a href=""https://www.bedsonline.co.za/product/rest-assured-rest-a-flex-medium-queen/"" target=""_blank"" rel=""noopener noreferrer"">https://www.bedsonline.co.za/product/rest-assured-rest-a-flex-medium-queen/</a></li>
  <li><a href=""https://restassured.co.za/our-ranges/matrix/rest-a-flex/"" target=""_blank"" rel=""noopener noreferrer"">https://restassured.co.za/our-ranges/matrix/rest-a-flex/</a></li>
</ul>
",Rest Assured,Furniture > Beds & Accessories > Mattresses,Beds & Mattresses,"Rest Assured, Matrix",TRUE,Size,Single (91cm),Length,Standard (188cm),Configuration,Bed Set,rest-assured-rest-a-flex-base-set-1,50000,,100,continue,manual,5129,,TRUE,TRUE,,https://wondrous-baklava-e13b07.netlify.app/assets/products/rest_assured_Rest_Assured_Rest_A_Flex_Base_Set.png,1,Rest-A-Flex Base Set,FALSE,Rest-A-Flex Base Set,Rest-A-Flex Base Set by Rest Assured. Official Matrix collection.,active
rest-assured-rest-a-flex-base-set,,,,Furniture > Beds & Accessories > Mattresses,,"Rest Assured, Matrix",TRUE,Size,Three Quarter (107cm),Length,Standard (188cm),Configuration,Bed Set,rest-assured-rest-a-flex-base-set-2,50000,,100,continue,manual,5779,,TRUE,TRUE,,,,,FALSE,Rest-A-Flex Base Set,Rest-A-Flex Base Set by Rest Assured. Official Matrix collection.,active
rest-assured-rest-a-flex-base-set,,,,Furniture > Beds & Accessories > Mattresses,,"Rest Assured, Matrix",TRUE,Size,Double (137cm),Length,Standard (188cm),Configuration,Bed Set,rest-assured-rest-a-flex-base-set-3,50000,,100,continue,manual,6619,,TRUE,TRUE,,,,,FALSE,Rest-A-Flex Base Set,Rest-A-Flex Base Set by Rest Assured. Official Matrix collection.,active
rest-assured-rest-a-flex-base-set,,,,Furniture > Beds & Accessories > Mattresses,,"Rest Assured, Matrix",TRUE,Size,Queen (152cm),Length,Standard (188cm),Configuration,Bed Set,rest-assured-rest-a-flex-base-set-4,50000,,100,continue,manual,7229,,TRUE,TRUE,,,,,FALSE,Rest-A-Flex Base Set,Rest-A-Flex Base Set by Rest Assured. Official Matrix collection.,active
rest-assured-rest-a-flex-base-set,,,,Furniture > Beds & Accessories > Mattresses,,"Rest Assured, Matrix",TRUE,Size,King (183cm),Length,Standard (188cm),Configuration,Bed Set,rest-assured-rest-a-flex-base-set-5,50000,,100,continue,manual,9139,,TRUE,TRUE,,,,,FALSE,Rest-A-Flex Base Set,Rest-A-Flex Base Set by Rest Assured. Official Matrix collection.,active
rest-assured-rest-a-flex-base-set,,,,Furniture > Beds & Accessories > Mattresses,,"Rest Assured, Matrix",TRUE,Size,Single (91cm),Length,Standard (188cm),Configuration,Mattress Only,rest-assured-rest-a-flex-base-set-6,50000,,100,continue,manual,3869,,TRUE,TRUE,,,,,FALSE,Rest-A-Flex Base Set,Rest-A-Flex Base Set by Rest Assured. Official Matrix collection.,active
rest-assured-rest-a-flex-base-set,,,,Furniture > Beds & Accessories > Mattresses,,"Rest Assured, Matrix",TRUE,Size,Three Quarter (107cm),Length,Standard (188cm),Configuration,Mattress Only,rest-assured-rest-a-flex-base-set-7,50000,,100,continue,manual,4359,,TRUE,TRUE,,,,,FALSE,Rest-A-Flex Base Set,Rest-A-Flex Base Set by Rest Assured. Official Matrix collection.,active
rest-assured-rest-a-flex-base-set,,,,Furniture > Beds & Accessories > Mattresses,,"Rest Assured, Matrix",TRUE,Size,Double (137cm),Length,Standard (188cm),Configuration,Mattress Only,rest-assured-rest-a-flex-base-set-8,50000,,100,continue,manual,5079,,TRUE,TRUE,,,,,FALSE,Rest-A-Flex Base Set,Rest-A-Flex Base Set by Rest Assured. Official Matrix collection.,active
rest-assured-rest-a-flex-base-set,,,,Furniture > Beds & Accessories > Mattresses,,"Rest Assured, Matrix",TRUE,Size,Queen (152cm),Length,Standard (188cm),Configuration,Mattress Only,rest-assured-rest-a-flex-base-set-9,50000,,100,continue,manual,5599,,TRUE,TRUE,,,,,FALSE,Rest-A-Flex Base Set,Rest-A-Flex Base Set by Rest Assured. Official Matrix collection.,active
rest-assured-rest-a-flex-base-set,,,,Furniture > Beds & Accessories > Mattresses,,"Rest Assured, Matrix",TRUE,Size,King (183cm),Length,Standard (188cm),Configuration,Mattress Only,rest-assured-rest-a-flex-base-set-10,50000,,100,continue,manual,6619,,TRUE,TRUE,,,,,FALSE,Rest-A-Flex Base Set,Rest-A-Flex Base Set by Rest Assured. Official Matrix collection.,active
rest-assured-rest-a-flex-base-set,,,,Furniture > Beds & Accessories > Mattresses,,"Rest Assured, Matrix",TRUE,Size,Single (91cm),Length,Extra Length (200cm),Configuration,Bed Set,rest-assured-rest-a-flex-base-set-11,50000,,100,continue,manual,5539,,TRUE,TRUE,,,,,FALSE,Rest-A-Flex Base Set,Rest-A-Flex Base Set by Rest Assured. Official Matrix collection.,active
rest-assured-rest-a-flex-base-set,,,,Furniture > Beds & Accessories > Mattresses,,"Rest Assured, Matrix",TRUE,Size,Three Quarter (107cm),Length,Extra Length (200cm),Configuration,Bed Set,rest-assured-rest-a-flex-base-set-12,50000,,100,continue,manual,6249,,TRUE,TRUE,,,,,FALSE,Rest-A-Flex Base Set,Rest-A-Flex Base Set by Rest Assured. Official Matrix collection.,active
rest-assured-rest-a-flex-base-set,,,,Furniture > Beds & Accessories > Mattresses,,"Rest Assured, Matrix",TRUE,Size,Double (137cm),Length,Extra Length (200cm),Configuration,Bed Set,rest-assured-rest-a-flex-base-set-13,50000,,100,continue,manual,7149,,TRUE,TRUE,,,,,FALSE,Rest-A-Flex Base Set,Rest-A-Flex Base Set by Rest Assured. Official Matrix collection.,active
rest-assured-rest-a-flex-base-set,,,,Furniture > Beds & Accessories > Mattresses,,"Rest Assured, Matrix",TRUE,Size,Queen (152cm),Length,Extra Length (200cm),Configuration,Bed Set,rest-assured-rest-a-flex-base-set-14,50000,,100,continue,manual,7809,,TRUE,TRUE,,,,,FALSE,Rest-A-Flex Base Set,Rest-A-Flex Base Set by Rest Assured. Official Matrix collection.,active
rest-assured-rest-a-flex-base-set,,,,Furniture > Beds & Accessories > Mattresses,,"Rest Assured, Matrix",TRUE,Size,King (183cm),Length,Extra Length (200cm),Configuration,Bed Set,rest-assured-rest-a-flex-base-set-15,50000,,100,continue,manual,9869,,TRUE,TRUE,,,,,FALSE,Rest-A-Flex Base Set,Rest-A-Flex Base Set by Rest Assured. Official Matrix collection.,active
rest-assured-rest-a-flex-base-set,,,,Furniture > Beds & Accessories > Mattresses,,"Rest Assured, Matrix",TRUE,Size,Single (91cm),Length,Extra Length (200cm),Configuration,Mattress Only,rest-assured-rest-a-flex-base-set-16,50000,,100,continue,manual,4179,,TRUE,TRUE,,,,,FALSE,Rest-A-Flex Base Set,Rest-A-Flex Base Set by Rest Assured. Official Matrix collection.,active
rest-assured-rest-a-flex-base-set,,,,Furniture > Beds & Accessories > Mattresses,,"Rest Assured, Matrix",TRUE,Size,Three Quarter (107cm),Length,Extra Length (200cm),Configuration,Mattress Only,rest-assured-rest-a-flex-base-set-17,50000,,100,continue,manual,4709,,TRUE,TRUE,,,,,FALSE,Rest-A-Flex Base Set,Rest-A-Flex Base Set by Rest Assured. Official Matrix collection.,active
rest-assured-rest-a-flex-base-set,,,,Furniture > Beds & Accessories > Mattresses,,"Rest Assured, Matrix",TRUE,Size,Double (137cm),Length,Extra Length (200cm),Configuration,Mattress Only,rest-assured-rest-a-flex-base-set-18,50000,,100,continue,manual,5489,,TRUE,TRUE,,,,,FALSE,Rest-A-Flex Base Set,Rest-A-Flex Base Set by Rest Assured. Official Matrix collection.,active
rest-assured-rest-a-flex-base-set,,,,Furniture > Beds & Accessories > Mattresses,,"Rest Assured, Matrix",TRUE,Size,Queen (152cm),Length,Extra Length (200cm),Configuration,Mattress Only,rest-assured-rest-a-flex-base-set-19,50000,,100,continue,manual,6049,,TRUE,TRUE,,,,,FALSE,Rest-A-Flex Base Set,Rest-A-Flex Base Set by Rest Assured. Official Matrix collection.,active
rest-assured-rest-a-flex-base-set,,,,Furniture > Beds & Accessories > Mattresses,,"Rest Assured, Matrix",TRUE,Size,King (183cm),Length,Extra Length (200cm),Configuration,Mattress Only,rest-assured-rest-a-flex-base-set-20,50000,,100,continue,manual,7149,,TRUE,TRUE,,,,,FALSE,Rest-A-Flex Base Set,Rest-A-Flex Base Set by Rest Assured. Official Matrix collection.,active
rest-assured-supapaedic-base-set,Supapaedic Base Set,"<h3>Supapaedic Base Set</h3>
<p><strong>Manufacturer:</strong> Rest Assured<br/>
<strong>Range:</strong> Matrix</p>
<h4>Official Product Links & Guidelines:</h4>
<ul>
  <li><a href=""https://www.bedsonline.co.za/product/rest-assured-supapaedic-queen/"" target=""_blank"" rel=""noopener noreferrer"">https://www.bedsonline.co.za/product/rest-assured-supapaedic-queen/</a></li>
  <li><a href=""https://restassured.co.za/our-ranges/matrix/supapaedic/"" target=""_blank"" rel=""noopener noreferrer"">https://restassured.co.za/our-ranges/matrix/supapaedic/</a></li>
</ul>
",Rest Assured,Furniture > Beds & Accessories > Mattresses,Beds & Mattresses,"Rest Assured, Matrix",TRUE,Size,Single (91cm),Length,Standard (188cm),Configuration,Bed Set,rest-assured-supapaedic-base-set-1,50000,,100,continue,manual,4749,,TRUE,TRUE,,https://wondrous-baklava-e13b07.netlify.app/assets/products/rest_assured_Rest_Assured_Rest_A_Flex_Base_Set.png,1,Supapaedic Base Set,FALSE,Supapaedic Base Set,Supapaedic Base Set by Rest Assured. Official Matrix collection.,active
rest-assured-supapaedic-base-set,,,,Furniture > Beds & Accessories > Mattresses,,"Rest Assured, Matrix",TRUE,Size,Three Quarter (107cm),Length,Standard (188cm),Configuration,Bed Set,rest-assured-supapaedic-base-set-2,50000,,100,continue,manual,5389,,TRUE,TRUE,,,,,FALSE,Supapaedic Base Set,Supapaedic Base Set by Rest Assured. Official Matrix collection.,active
rest-assured-supapaedic-base-set,,,,Furniture > Beds & Accessories > Mattresses,,"Rest Assured, Matrix",TRUE,Size,Double (137cm),Length,Standard (188cm),Configuration,Bed Set,rest-assured-supapaedic-base-set-3,50000,,100,continue,manual,6339,,TRUE,TRUE,,,,,FALSE,Supapaedic Base Set,Supapaedic Base Set by Rest Assured. Official Matrix collection.,active
rest-assured-supapaedic-base-set,,,,Furniture > Beds & Accessories > Mattresses,,"Rest Assured, Matrix",TRUE,Size,Queen (152cm),Length,Standard (188cm),Configuration,Bed Set,rest-assured-supapaedic-base-set-4,50000,,100,continue,manual,6929,,TRUE,TRUE,,,,,FALSE,Supapaedic Base Set,Supapaedic Base Set by Rest Assured. Official Matrix collection.,active
rest-assured-supapaedic-base-set,,,,Furniture > Beds & Accessories > Mattresses,,"Rest Assured, Matrix",TRUE,Size,King (183cm),Length,Standard (188cm),Configuration,Bed Set,rest-assured-supapaedic-base-set-5,50000,,100,continue,manual,8719,,TRUE,TRUE,,,,,FALSE,Supapaedic Base Set,Supapaedic Base Set by Rest Assured. Official Matrix collection.,active
rest-assured-supapaedic-base-set,,,,Furniture > Beds & Accessories > Mattresses,,"Rest Assured, Matrix",TRUE,Size,Single (91cm),Length,Standard (188cm),Configuration,Mattress Only,rest-assured-supapaedic-base-set-6,50000,,100,continue,manual,3489,,TRUE,TRUE,,,,,FALSE,Supapaedic Base Set,Supapaedic Base Set by Rest Assured. Official Matrix collection.,active
rest-assured-supapaedic-base-set,,,,Furniture > Beds & Accessories > Mattresses,,"Rest Assured, Matrix",TRUE,Size,Three Quarter (107cm),Length,Standard (188cm),Configuration,Mattress Only,rest-assured-supapaedic-base-set-7,50000,,100,continue,manual,3969,,TRUE,TRUE,,,,,FALSE,Supapaedic Base Set,Supapaedic Base Set by Rest Assured. Official Matrix collection.,active
rest-assured-supapaedic-base-set,,,,Furniture > Beds & Accessories > Mattresses,,"Rest Assured, Matrix",TRUE,Size,Double (137cm),Length,Standard (188cm),Configuration,Mattress Only,rest-assured-supapaedic-base-set-8,50000,,100,continue,manual,4799,,TRUE,TRUE,,,,,FALSE,Supapaedic Base Set,Supapaedic Base Set by Rest Assured. Official Matrix collection.,active
rest-assured-supapaedic-base-set,,,,Furniture > Beds & Accessories > Mattresses,,"Rest Assured, Matrix",TRUE,Size,Queen (152cm),Length,Standard (188cm),Configuration,Mattress Only,rest-assured-supapaedic-base-set-9,50000,,100,continue,manual,4869,,TRUE,TRUE,,,,,FALSE,Supapaedic Base Set,Supapaedic Base Set by Rest Assured. Official Matrix collection.,active
rest-assured-supapaedic-base-set,,,,Furniture > Beds & Accessories > Mattresses,,"Rest Assured, Matrix",TRUE,Size,King (183cm),Length,Standard (188cm),Configuration,Mattress Only,rest-assured-supapaedic-base-set-10,50000,,100,continue,manual,6199,,TRUE,TRUE,,,,,FALSE,Supapaedic Base Set,Supapaedic Base Set by Rest Assured. Official Matrix collection.,active
rest-assured-supapaedic-base-set,,,,Furniture > Beds & Accessories > Mattresses,,"Rest Assured, Matrix",TRUE,Size,Single (91cm),Length,Extra Length (200cm),Configuration,Bed Set,rest-assured-supapaedic-base-set-11,50000,,100,continue,manual,5129,,TRUE,TRUE,,,,,FALSE,Supapaedic Base Set,Supapaedic Base Set by Rest Assured. Official Matrix collection.,active
rest-assured-supapaedic-base-set,,,,Furniture > Beds & Accessories > Mattresses,,"Rest Assured, Matrix",TRUE,Size,Three Quarter (107cm),Length,Extra Length (200cm),Configuration,Bed Set,rest-assured-supapaedic-base-set-12,50000,,100,continue,manual,5829,,TRUE,TRUE,,,,,FALSE,Supapaedic Base Set,Supapaedic Base Set by Rest Assured. Official Matrix collection.,active
rest-assured-supapaedic-base-set,,,,Furniture > Beds & Accessories > Mattresses,,"Rest Assured, Matrix",TRUE,Size,Double (137cm),Length,Extra Length (200cm),Configuration,Bed Set,rest-assured-supapaedic-base-set-13,50000,,100,continue,manual,6849,,TRUE,TRUE,,,,,FALSE,Supapaedic Base Set,Supapaedic Base Set by Rest Assured. Official Matrix collection.,active
rest-assured-supapaedic-base-set,,,,Furniture > Beds & Accessories > Mattresses,,"Rest Assured, Matrix",TRUE,Size,Queen (152cm),Length,Extra Length (200cm),Configuration,Bed Set,rest-assured-supapaedic-base-set-14,50000,,100,continue,manual,7489,,TRUE,TRUE,,,,,FALSE,Supapaedic Base Set,Supapaedic Base Set by Rest Assured. Official Matrix collection.,active
rest-assured-supapaedic-base-set,,,,Furniture > Beds & Accessories > Mattresses,,"Rest Assured, Matrix",TRUE,Size,King (183cm),Length,Extra Length (200cm),Configuration,Bed Set,rest-assured-supapaedic-base-set-15,50000,,100,continue,manual,9419,,TRUE,TRUE,,,,,FALSE,Supapaedic Base Set,Supapaedic Base Set by Rest Assured. Official Matrix collection.,active
rest-assured-supapaedic-base-set,,,,Furniture > Beds & Accessories > Mattresses,,"Rest Assured, Matrix",TRUE,Size,Single (91cm),Length,Extra Length (200cm),Configuration,Mattress Only,rest-assured-supapaedic-base-set-16,50000,,100,continue,manual,3769,,TRUE,TRUE,,,,,FALSE,Supapaedic Base Set,Supapaedic Base Set by Rest Assured. Official Matrix collection.,active
rest-assured-supapaedic-base-set,,,,Furniture > Beds & Accessories > Mattresses,,"Rest Assured, Matrix",TRUE,Size,Three Quarter (107cm),Length,Extra Length (200cm),Configuration,Mattress Only,rest-assured-supapaedic-base-set-17,50000,,100,continue,manual,4289,,TRUE,TRUE,,,,,FALSE,Supapaedic Base Set,Supapaedic Base Set by Rest Assured. Official Matrix collection.,active
rest-assured-supapaedic-base-set,,,,Furniture > Beds & Accessories > Mattresses,,"Rest Assured, Matrix",TRUE,Size,Double (137cm),Length,Extra Length (200cm),Configuration,Mattress Only,rest-assured-supapaedic-base-set-18,50000,,100,continue,manual,5189,,TRUE,TRUE,,,,,FALSE,Supapaedic Base Set,Supapaedic Base Set by Rest Assured. Official Matrix collection.,active
rest-assured-supapaedic-base-set,,,,Furniture > Beds & Accessories > Mattresses,,"Rest Assured, Matrix",TRUE,Size,Queen (152cm),Length,Extra Length (200cm),Configuration,Mattress Only,rest-assured-supapaedic-base-set-19,50000,,100,continue,manual,5259,,TRUE,TRUE,,,,,FALSE,Supapaedic Base Set,Supapaedic Base Set by Rest Assured. Official Matrix collection.,active
rest-assured-supapaedic-base-set,,,,Furniture > Beds & Accessories > Mattresses,,"Rest Assured, Matrix",TRUE,Size,King (183cm),Length,Extra Length (200cm),Configuration,Mattress Only,rest-assured-supapaedic-base-set-20,50000,,100,continue,manual,6699,,TRUE,TRUE,,,,,FALSE,Supapaedic Base Set,Supapaedic Base Set by Rest Assured. Official Matrix collection.,active
